erosion,cache_hit,hazard,price_multiplier,scenario,irr_annual,payback_month,end_equity_usd,end_equity_going_concern_usd,end_equity_after_tail_usd,peak_capital_usd,end_nodes
0.30958241942238535,0.7553308255404926,0.02646494799778456,0.8789472116237456,悲观,,,-497757.3625256472,-513157.1174945948,-497757.3625256472,132514.6870444808,1
0.3902489406547024,0.8326735284776847,0.024651607631923846,0.6512454530702183,中性,,,-379520.5474213149,-394920.3023902625,-379520.5474213149,132514.6870444808,1
0.1483192096930325,0.8724235973236645,0.021096628002016612,0.929104645308332,中性,,,122604.15994313805,107204.40497419047,122604.15994313805,132514.6870444808,1
0.09089548871391076,0.7831003488838004,0.006595431402604383,0.9310524687970329,中性,,,79600.32486482496,340225.50141369086,-506606.7816242305,265029.3740889616,2
0.30323509603414955,0.7350862323511684,0.02926745060987258,0.957248448528879,乐观,,21.0,120409.98494748413,-34401.828590204765,-223294.49110493428,265029.3740889616,2
0.07785548314078704,0.7620130408944882,0.006095094144680719,0.6617157968270191,中性,,,24849.291127544147,9449.536158596573,24849.291127544147,132514.6870444808,1
0.29790486236312685,0.8822023357842104,0.013145633953453799,0.7481838824139475,中性,,,-237978.96259985655,-253378.71756880413,-237978.96259985655,132514.6870444808,1
0.07578854363371429,0.6811811612805132,0.016892623155648344,0.6907637396203536,中性,,,90176.69357934108,74776.93861039351,90176.69357934108,132514.6870444808,1
0.17486076754893232,0.8498427670538811,0.022506627550056228,0.7249466565528164,乐观,,,139178.1263767337,123778.37140778614,139178.1263767337,132514.6870444808,1
0.32190574299872077,0.7429948109672418,0.012208202598256102,0.8729982015899902,悲观,,,-504497.7065185635,-519897.46148751106,-504497.7065185635,132514.6870444808,1
0.07996328099004334,0.6517669447402413,0.02467310943755346,0.8659403426368129,中性,,,73160.06702536572,364666.3295063166,-496823.3293545001,265029.3740889616,2
0.31229161240878717,0.7601397861292016,0.01921852989882234,0.655918799251063,悲观,,,-556645.5707048399,-572045.3256737875,-556645.5707048399,132514.6870444808,1
0.2673611847161887,0.7630630894743519,0.01913090266202972,0.9059995429664103,中性,,,-43386.380343714576,-58786.135312662154,-43386.380343714576,132514.6870444808,1
0.22143176026319833,0.7842097185788992,0.012598752451565304,0.6123271338271757,中性,,,-217921.52083872023,-233321.27580766781,-217921.52083872023,132514.6870444808,1
0.08583386912781168,0.7480468744939127,0.026335076831704152,0.6935757943461363,悲观,,,-431609.0932383626,-447008.84820731013,-431609.0932383626,132514.6870444808,1
0.11255355680879862,0.7204625018640041,0.021547912868172377,0.8228128609365113,乐观,1.0349947663588712,18.0,284760.0446769933,602823.5353264229,-1062061.880559548,530058.7481779231,4
0.265725416130955,0.7475328467456169,0.025350509616650866,0.6667891679630815,悲观,,,-532734.5372043764,-548134.292173324,-532734.5372043764,132514.6870444808,1
0.036019144310256705,0.8233662441431481,0.016546930756284682,0.6645087116134407,中性,,,61993.72092397493,46593.96595502735,61993.72092397493,132514.6870444808,1
0.06092484108526737,0.8171168900186567,0.016153906889350766,0.752408490438593,中性,,,123759.70757443749,108359.95260548992,123759.70757443749,132514.6870444808,1
0.2521130372475554,0.7368350265328137,0.0071912479829025246,0.6472023608482061,乐观,,,-15362.010974556506,-30761.76594350408,-15362.010974556506,132514.6870444808,1
0.36343227628304287,0.8179297121145799,0.01164674903648799,0.9876705509390895,乐观,,,89784.0704764115,74384.31550746394,89784.0704764115,132514.6870444808,1
0.28675607566359823,0.7578467605145093,0.011806039046128975,0.6385563848613997,乐观,,,-80054.06233120966,-95453.81730015723,-80054.06233120966,132514.6870444808,1
0.18231051593344444,0.6985672075508553,0.012648915603766311,0.8316878275767584,悲观,,,-429438.21723613783,-444837.9722050854,-429438.21723613783,132514.6870444808,1
0.34264571363695023,0.8320446871604504,0.02298657389877342,0.7728372159100415,中性,,,-260562.08859584015,-275961.8435647877,-260562.08859584015,132514.6870444808,1
0.23363918756509425,0.8059631843731568,0.007111108028497227,0.7663229608682438,悲观,,,-495059.3491910643,-510459.10416001186,-495059.3491910643,132514.6870444808,1
0.19759632769780758,0.7291666909598685,0.008613104721651173,0.6413611870890207,中性,,,-147897.57821873747,-163297.33318768506,-147897.57821873747,132514.6870444808,1
0.06823718741475444,0.8720288284104314,0.019526528492509874,0.7387479218139348,中性,,,71332.43809003702,55932.683121089445,71332.43809003702,132514.6870444808,1
0.009121548411879,0.8800542111779469,0.017057585923572503,0.9130940909001145,悲观,,,-311486.52787897864,-326886.2828479262,-311486.52787897864,132514.6870444808,1
0.19466333233526414,0.767769678645085,0.02844566137437457,0.8286912209504301,中性,,,7650.933290175904,-7748.82167877167,7650.933290175904,132514.6870444808,1
0.10679026523675744,0.7295765593622126,0.018016810061788444,0.7755645841220187,悲观,,,-407467.2612171065,-422867.01618605404,-407467.2612171065,132514.6870444808,1
0.3305167696777431,0.865078585241544,0.008506227224965269,0.8216144574156198,悲观,,,-535638.8050322162,-551038.5600011639,-535638.8050322162,132514.6870444808,1
0.2688960372159247,0.717496108121362,0.021485565867297544,0.890797845714753,乐观,0.025859317719255426,22.0,144420.29741004526,7479.592136297491,-217748.27410133943,265029.3740889616,2
0.04309637838235863,0.8698428428330259,0.01075534977237202,0.6149650224704719,中性,,,-23534.310654670706,-38934.065623618284,-23534.310654670706,132514.6870444808,1
0.1483689135449755,0.8491495383517792,0.025206286801607546,0.7268555571290861,乐观,,,80299.83104369474,-30440.71744529318,-505907.2754453607,265029.3740889616,2
0.11636713525604746,0.7736137110156115,0.011399127264190068,0.9744174280195853,悲观,,,-343052.26666808856,-358452.0216370361,-343052.26666808856,132514.6870444808,1
0.017964247756931596,0.7544232944007291,0.029809389101395925,0.9566709065019656,中性,0.07481189363469198,28.0,161880.40135381086,688265.8507444023,-341569.47858748096,265029.3740889616,2
0.35631699635140995,0.8644271935274872,0.017971459009661225,0.7263716207323172,乐观,,,-131828.2594543715,-147228.01442331908,-131828.2594543715,132514.6870444808,1
0.26466450526710444,0.7396778549296904,0.007361666701537882,0.8987158445396104,中性,,,-36128.194896809735,-51527.94986575731,-36128.194896809735,132514.6870444808,1
0.3747252602135117,0.7078329380013644,0.00806894831028715,0.9324450688499625,悲观,,,-515045.0458938311,-530444.8008627787,-515045.0458938311,132514.6870444808,1
0.07170732326309563,0.7938518699650025,0.02686405102093661,0.6785738662858293,中性,,,38915.100006352855,23515.34503740528,38915.100006352855,132514.6870444808,1
0.31096193529647104,0.8832383422546322,0.017518529655058557,0.6575590010205002,悲观,,,-567700.9380439102,-583100.6930128578,-567700.9380439102,132514.6870444808,1
0.0918624119995421,0.6816373322687651,0.021941466840321437,0.6487330018514125,中性,,,19633.469875811406,4233.714906863832,19633.469875811406,132514.6870444808,1
0.2777049742571546,0.7894679862130166,0.00999439129150144,0.9216498104729051,中性,,,-58278.308272485585,-73678.06324143316,-58278.308272485585,132514.6870444808,1
0.2955936015662167,0.6814538603737552,0.008093845091258614,0.9710250204026031,中性,,,-14291.76426826491,-29691.519237212484,-14291.76426826491,132514.6870444808,1
0.12037947671237591,0.767260170884368,0.02157160531908956,0.982249302818788,中性,,,59235.52039106826,255598.09101308603,-510747.8759887976,265029.3740889616,2
0.3699233717248109,0.6559662779327016,0.018879951058170617,0.853590044672434,悲观,,,-525467.0165541281,-540866.7715230758,-525467.0165541281,132514.6870444808,1
0.056135838825565054,0.750587436635913,0.02915579780357954,0.8384170212937492,乐观,1.4286114891593646,16.0,490360.8976523295,1204169.5906527396,-785928.2704996158,530058.7481779231,4
0.3217443662451883,0.7621715843732699,0.024619086231304686,0.6071347135907951,悲观,,,-572769.2928625632,-588169.0478315108,-572769.2928625632,132514.6870444808,1
0.33177144595309455,0.8412361011980388,0.010816018549160842,0.8123078362396214,中性,,,-226044.21632929193,-241443.9712982395,-226044.21632929193,132514.6870444808,1
0.3470955815104045,0.7947457177612942,0.01531428923184201,0.7496736173628731,中性,,,-269636.8255184806,-285036.5804874282,-269636.8255184806,132514.6870444808,1
0.26077241023198966,0.858197751620558,0.016347422051907493,0.6991358251805433,悲观,,,-533806.7121499834,-549206.467118931,-533806.7121499834,132514.6870444808,1
0.2984057120973786,0.8459765032217386,0.007631951996353124,0.6266235427820712,中性,,,-307746.54340694915,-323146.2983758967,-307746.54340694915,132514.6870444808,1
0.05846929767707931,0.847919405709522,0.01275836684810186,0.6575487731884571,乐观,0.1447490091222019,31.0,178994.53290214413,255349.8910174459,-341337.80483584787,265029.3740889616,2
0.06621268909411127,0.7183328197611045,0.008840334879801466,0.646196025466142,悲观,,,-436453.58398894145,-451853.338957889,-436453.58398894145,132514.6870444808,1
0.022158163665704046,0.6919139530246047,0.006334548315679384,0.8364575264443885,中性,,,110729.6780906589,569762.8368593529,-442867.7710789254,265029.3740889616,2
0.1574521827328113,0.7263178632684919,0.017613155925555752,0.9500019768938435,乐观,1.2893674299554818,15.0,327303.51402158936,541820.2744059315,-929962.0781148877,530058.7481779231,4
0.01739002480511678,0.6935596183031658,0.0109186217776099,0.6997550303328848,中性,,,98586.29818127298,481060.0478117389,-566361.4697694781,265029.3740889616,1
0.16650497028127692,0.6618209887826226,0.014340353461489288,0.8095011794870549,悲观,,,-422226.338920155,-437626.0938891026,-422226.338920155,132514.6870444808,1
0.3333834215154239,0.662470847951625,0.02812104672545155,0.6396452566319502,乐观,,,-111455.13464903543,-126854.889617983,-111455.13464903543,132514.6870444808,1
0.36106125757104685,0.8850969633407823,0.02505064700683984,0.9117910163085315,中性,,,-220182.8447072712,-235582.5996762188,-220182.8447072712,132514.6870444808,1
0.31159854183125163,0.6822925300191554,0.01840170089869093,0.8056891480761658,乐观,,,75585.5156383713,60185.76066942373,75585.5156383713,132514.6870444808,1
0.18511974623740635,0.7424214790640848,0.020989081780927753,0.7065853270003384,悲观,,,-480682.77788041293,-496082.5328493605,-480682.77788041293,132514.6870444808,1
0.19115090960949832,0.7500534484627724,0.010814248513221842,0.7470047240460512,中性,,,-51197.839625392044,-66597.59459433962,-51197.839625392044,132514.6870444808,1
0.13099822576501818,0.741071379134463,0.022143583636398633,0.7187505898285141,乐观,0.26673953810915196,26.0,219656.12462154758,209671.6922150101,-214558.7113143631,265029.3740889616,2
0.36653920781527116,0.7654185027920188,0.013209030125117219,0.8141739159320013,乐观,,,-35920.53119799439,-51320.286166941965,-35920.53119799439,132514.6870444808,1
0.26103493622404084,0.8430540387072986,0.018318056901643502,0.8531670517070482,中性,,,-102884.69107265546,-118284.44604160303,-102884.69107265546,132514.6870444808,1
0.29395726492411633,0.6985771023501725,0.022369953220462455,0.9442876273303576,悲观,,,-464229.2714793177,-479629.02644826524,-464229.2714793177,132514.6870444808,1
0.24575189621676793,0.6728229795751843,0.02314289070678567,0.6337972875294081,乐观,,,1320.1141565494981,-14079.640812398076,1320.1141565494981,132514.6870444808,1
0.05496317201512087,0.8801312590181793,0.025022104402127415,0.8374728017865416,乐观,1.0950580996660384,18.0,348603.0372200913,960943.3437652591,-1000481.6772197245,530058.7481779231,4
0.31804593559323435,0.8770464950761593,0.01133458384597968,0.8360303581433237,悲观,,,-527924.1587841128,-543323.9137530604,-527924.1587841128,132514.6870444808,1
0.24646628000964854,0.6911099129822693,0.019123765286811045,0.8289722056135399,中性,,,-45183.44020478147,-60583.19517372905,-45183.44020478147,132514.6870444808,1
0.20905271020524913,0.8333416136015811,0.024981117912801665,0.7968612862301716,中性,,,-66010.89633224046,-81410.65130118803,-66010.89633224046,132514.6870444808,1
0.37249449427604076,0.6787360612402695,0.007927589147502762,0.6350836047643074,中性,,,-341304.70450710267,-356704.4594760502,-341304.70450710267,132514.6870444808,1
0.1674433203161518,0.8358371398740424,0.021780785332714814,0.7334551033312953,乐观,,,168508.37482154166,153108.61985259407,168508.37482154166,132514.6870444808,1
0.30501285882826096,0.7149283858184422,0.01410480044430135,0.7257759920817052,悲观,,,-531075.2469734269,-546475.0019423745,-531075.2469734269,132514.6870444808,1
0.05911334901687666,0.8746705912101786,0.01594760092996883,0.7533279291109639,中性,,,98830.08210440422,83430.32713545665,98830.08210440422,132514.6870444808,1
0.22119722610116,0.8746735968412309,0.024507537347734806,0.7917478256498162,中性,,,-104482.45293621116,-119882.20790515874,-104482.45293621116,132514.6870444808,1
0.39465261796972884,0.8222624566408745,0.028779866500096028,0.6473914308868165,乐观,,,-227148.19035514933,-242547.94532409692,-227148.19035514933,132514.6870444808,1
0.254829553596483,0.679261202800427,0.019706449999230515,0.8744385460421795,悲观,,,-457916.5058837206,-473316.26085266814,-457916.5058837206,132514.6870444808,1
0.18172718473669863,0.8480958826871171,0.012383975633602246,0.7834192327194205,中性,,,-43536.422624280174,-58936.17759322775,-43536.422624280174,132514.6870444808,1
0.12077095657699664,0.870426054923733,0.024532350885787896,0.6442353643984442,乐观,,,113388.29713218444,97988.54216323687,113388.29713218444,132514.6870444808,1
0.3516800097230981,0.7181380250873693,0.025922414491523455,0.6425678127485531,乐观,,,-148535.52801145415,-163935.28298040174,-148535.52801145415,132514.6870444808,1
0.2662738944426148,0.8060300037341113,0.007261018174603319,0.9588133595586501,悲观,,,-458198.9993149383,-473598.7542838859,-458198.9993149383,132514.6870444808,1
0.09633122321645882,0.6843252500399924,0.024419198517305462,0.6792816908851591,乐观,0.4523892706251269,24.0,188605.23051838626,297542.0369727303,-830136.1584078885,397544.06113344233,3
0.26250761573099607,0.6586790505187271,0.005135745853217512,0.6206631668057595,中性,,,-226958.1915902635,-242357.9465592111,-226958.1915902635,132514.6870444808,1
0.3205927243437661,0.7072526769505733,0.026235221073076822,0.6228927760613041,乐观,,,-123776.5836279454,-139176.33859689298,-123776.5836279454,132514.6870444808,1
0.3711181720689122,0.8353060157850514,0.02245301959946593,0.9351920874621532,悲观,,,-526838.9966574737,-542238.7516264213,-526838.9966574737,132514.6870444808,1
0.08071284428762215,0.6799816830333544,0.017613274754824663,0.8980752513315378,中性,,,72457.27490398307,373819.1008327534,-481140.17426560126,265029.3740889616,2
0.34045243990477403,0.6872511181858618,0.023365527298379037,0.6772165963475616,中性,,,-282259.401690425,-297659.15665937256,-282259.401690425,132514.6870444808,1
0.28396187891252156,0.8852491483756837,0.020288590149426737,0.6218001259965182,中性,,,-306960.04861912684,-322359.8035880744,-306960.04861912684,132514.6870444808,1
0.01694022063206684,0.8621949707280361,0.022739457127515517,0.6692511385690013,悲观,,,-422479.30917604704,-437879.0641449946,-422479.30917604704,132514.6870444808,1
0.0734132915521276,0.8852065230930062,0.016464016061462243,0.9136323793365632,中性,,,79152.94477987477,348766.60409842647,-539021.2799519717,265029.3740889616,2
0.22896525998345496,0.6848312611196119,0.028650611338952376,0.7205370530058872,中性,,,-107723.78156180083,-123123.5365307484,-107723.78156180083,132514.6870444808,1
0.27991037783562644,0.8058159572588741,0.02851486024238796,0.6593755959680232,中性,,,-254615.37041316624,-270015.1253821138,-254615.37041316624,132514.6870444808,1
0.1616137562963064,0.7638004950758284,0.007980438154943615,0.6536378439491061,中性,,,-100156.2750744524,-115556.03004339997,-100156.2750744524,132514.6870444808,1
0.12188184150433252,0.752696771283524,0.020274688675915704,0.8538516469673052,中性,,,156876.9928201258,141477.23785117822,156876.9928201258,132514.6870444808,1
0.16351324377147886,0.7022308464072708,0.019707656210225206,0.7268163645268951,悲观,,,-456503.65225106146,-471903.407220009,-456503.65225106146,132514.6870444808,1
0.16736001766274416,0.7637918420216409,0.010639821705105273,0.8289831732488463,中性,,,53025.316896053446,37625.56192710587,53025.316896053446,132514.6870444808,1
0.2808008724441486,0.8055076357282904,0.02131082641302579,0.7264856607296173,乐观,,,-1977.429909336759,-17377.184878284334,-1977.429909336759,132514.6870444808,1
0.2196577534398718,0.7535403668431736,0.020650312023526428,0.7442629337801017,中性,,,-95966.50550398417,-111366.26047293174,-95966.50550398417,132514.6870444808,1
0.2946822753928881,0.8627366928136899,0.02802642993237979,0.8014531700732397,中性,,,-192505.2562371611,-207905.0112061087,-192505.2562371611,132514.6870444808,1
0.31994816430553463,0.7254681660186083,0.025934559058626714,0.7976566586069693,悲观,,,-520622.84453803004,-536022.5995069776,-520622.84453803004,132514.6870444808,1
0.02882365882917748,0.8520783706494712,0.006389197922671948,0.7122445744534623,中性,,,112454.99587769326,97055.24090874569,112454.99587769326,132514.6870444808,1
0.06919777807663752,0.7253344087524775,0.02356731416812714,0.6058731374240283,乐观,0.002937961443100656,36.0,126063.30165495543,168499.48382684868,-443920.0947249104,265029.3740889616,2
0.34261920942982327,0.7393427775659716,0.00884032247651587,0.8403361631780324,悲观,,,-522879.356910277,-538279.1118792245,-522879.356910277,132514.6870444808,1
0.145967744431301,0.8800230034162334,0.029886611814590926,0.9088419565418342,中性,,,104941.6272474851,89541.87227853753,104941.6272474851,132514.6870444808,1
0.275066019666437,0.819297527716163,0.014696042379091244,0.8563554538344638,悲观,,,-493206.9167248902,-508606.67169383774,-493206.9167248902,132514.6870444808,1
0.0836230634408966,0.7760211927121428,0.009093782606457396,0.6663627471506134,乐观,0.21923223579919426,28.0,207257.0939241562,250702.46244908805,-261919.70844405456,265029.3740889616,2
0.3956532010734422,0.7834326627268277,0.025976743272042836,0.9961286657305091,悲观,,,-520955.23016273597,-536354.9851316835,-520955.23016273597,132514.6870444808,1
0.17929824530174043,0.7442174518020608,0.007001232091154625,0.9021320691178978,中性,,,106509.078727507,91109.32375855943,106509.078727507,132514.6870444808,1
0.18773077367616053,0.6861615137151776,0.009523166305771703,0.962841448862486,悲观,,,-384953.1373786593,-400352.89234760683,-384953.1373786593,132514.6870444808,1
0.0931409139774825,0.7200942392754868,0.017254938560039658,0.8345780692059184,中性,,,92036.77275936128,293468.58419070236,-557474.691696817,265029.3740889616,2
0.03364613382275281,0.7084801889733713,0.02608970961906353,0.8550354801913835,中性,,,102418.87676376729,528256.310922681,-451178.57240581705,265029.3740889616,2
0.268081302140542,0.833096724569487,0.006452712043036183,0.7466433539730449,中性,,,-186113.1967422167,-201512.9517111643,-186113.1967422167,132514.6870444808,1
0.1353825933189304,0.8526749295889248,0.017064312714682346,0.9074510357837516,乐观,0.979058956625539,18.0,253336.63676130548,447968.01980631764,-1109708.9985844255,530058.7481779231,4
0.20191659316139923,0.868292538529124,0.019678098513424513,0.9401097195334887,中性,,,43868.1915946175,28468.436625669925,43868.1915946175,132514.6870444808,1
0.1995267834125941,0.7775386498410987,0.007624492897401764,0.7594210026806163,乐观,,,64744.78751615977,-112237.98650560467,-488852.66165342455,265029.3740889616,2
0.252332896145897,0.6926015797848722,0.013471390890240124,0.67664120386508,悲观,,,-518190.71581062995,-533590.4707795775,-518190.71581062995,132514.6870444808,1
0.3709841834016107,0.7575697587816492,0.012688376810519653,0.8393908766230946,悲观,,,-538863.1252066494,-554262.880175597,-538863.1252066494,132514.6870444808,1
0.11120884264032554,0.8187280317677342,0.020844244326731574,0.9927223790170142,中性,,,59426.6213092309,274621.1755580607,-510556.7750706349,265029.3740889616,2
0.19100234945109312,0.8327438151641618,0.027583196799101324,0.8882783786873406,乐观,0.5833575875711643,20.0,209374.25021767966,92604.9104541305,-671377.8683219391,397544.06113344233,3
0.3128020682952709,0.8580323451828624,0.007852601779590929,0.892965401197515,中性,,,-155980.5274921921,-171380.2824611397,-155980.5274921921,132514.6870444808,1
0.2212415209645101,0.8069845782757656,0.029245377917639235,0.9938312325726498,中性,,,82057.49662106569,66657.74165211811,82057.49662106569,132514.6870444808,1
0.29350139897516647,0.8299960491044645,0.013662321532826219,0.6495479099456883,悲观,,,-557419.7046572679,-572819.4596262155,-557419.7046572679,132514.6870444808,1
0.31093725101167147,0.7675279380360575,0.029638504237373152,0.7859893824774612,乐观,,,24658.053823367023,9258.298854419449,24658.053823367023,132514.6870444808,1
0.16463040087762396,0.8404837161343934,0.007120481807795801,0.8221846840551056,乐观,0.3710925552630593,23.0,140219.96989886204,24355.80701755482,-876504.3888113062,397544.06113344233,3
0.3698806668879555,0.8474199417481836,0.005924268180029356,0.7490809365226937,悲观,,,-566714.2855568402,-582114.0405257879,-566714.2855568402,132514.6870444808,1
0.0437129164458232,0.8120733508801962,0.022831454907792453,0.9094882731006505,乐观,1.7286278999644749,15.0,637540.9413767527,1517721.5590192052,-601803.5816168562,530058.7481779231,4
0.29577258739060397,0.8422091821055917,0.006224092745581981,0.6938140601765195,中性,,,-259065.04471624858,-274464.79968519614,-259065.04471624858,132514.6870444808,1
0.3432501218499293,0.6510800299855182,0.017865733552908745,0.8709149597457588,悲观,,,-506764.7456218234,-522164.500590771,-506764.7456218234,132514.6870444808,1
0.16054222302135518,0.8649523715320873,0.02179032022139647,0.695063345344239,乐观,,,118457.02068463675,103057.26571568918,118457.02068463675,132514.6870444808,1
0.13921256936380574,0.8548027210745743,0.012473591277972637,0.8361281003532596,中性,,,64388.11430160828,48988.35933266071,64388.11430160828,132514.6870444808,1
0.10993002030202681,0.8627738149212486,0.009689842048487284,0.6339246364943052,中性,,,-88180.34348552726,-103580.09845447484,-88180.34348552726,132514.6870444808,1
0.28705565905662705,0.8437835854343076,0.02996858425166912,0.718544822804466,中性,,,-232659.80152136635,-248059.55649031393,-232659.80152136635,132514.6870444808,1
0.05472851121185052,0.7879692631095281,0.02993950093157293,0.8803524040482633,中性,,,92056.74746804507,443465.976508953,-494150.35902101034,265029.3740889616,2
0.15694763716871762,0.8696717024685332,0.017422914903258736,0.6537467653252246,中性,,,-132316.60485738286,-147716.35982633044,-132316.60485738286,132514.6870444808,1
0.02686666753910676,0.6984749690453076,0.005441719524997805,0.7813119666000654,中性,,,96088.2996745084,503975.6448407034,-506181.8861305764,265029.3740889616,2
0.1373169849515631,0.7508916251612665,0.028980231821114397,0.9007852486299662,中性,,,175587.8226163641,160188.06764741652,175587.8226163641,132514.6870444808,1
0.1138163500447301,0.8652792317055189,0.010877427922016486,0.7301370922066708,乐观,0.1497035502244135,29.0,179565.5641927963,175079.24267904728,-289611.23817541444,265029.3740889616,2
0.21181682211402897,0.8281563078603145,0.01976861985409415,0.861375683603798,中性,,,-16237.890805476629,-31637.645774424203,-16237.890805476629,132514.6870444808,1
0.09654882465066517,0.7273981633204797,0.00888603910208556,0.949725746116323,中性,,,72866.7740481918,342143.01097685396,-480730.67512139253,265029.3740889616,2
0.22459575776575386,0.8400738620339298,0.02459560273439284,0.7753545034336772,中性,,,-108502.41731335234,-123902.17228229991,-108502.41731335234,132514.6870444808,1
0.39788069957400996,0.8119033944749658,0.02536596107794707,0.9610215876876927,乐观,,,12248.641028726277,-3151.1139402212975,12248.641028726277,132514.6870444808,1
0.07407173798142704,0.7849209760970174,0.007547353932863622,0.8611688506255993,乐观,1.3297506461118904,16.0,428585.3990468674,1021858.2836234947,-847703.769105078,530058.7481779231,4
0.20509282572004453,0.7539133982882642,0.005896068785454079,0.9839098089316881,悲观,,,-401637.0262190456,-417036.7811879932,-401637.0262190456,132514.6870444808,1
0.016431637321938777,0.7090559867611852,0.00663826084795956,0.782047136964705,中性,,,89587.854674572,525723.3347014092,-496619.25181448343,265029.3740889616,2
0.12502797961143358,0.6622305158179727,0.007790009206230667,0.7538017511959713,悲观,,,-417657.36557512416,-433057.1205440717,-417657.36557512416,132514.6870444808,1
0.2792758902439654,0.6996849299659549,0.01255178921959096,0.757650310871239,中性,,,-152328.5489427755,-167728.30391172308,-152328.5489427755,132514.6870444808,1
0.000664283069920213,0.6768968890396875,0.026569114093521952,0.6004932250047632,中性,,,95596.04436438007,80196.2893954325,95596.04436438007,132514.6870444808,1
0.19580080260288324,0.7299425986425531,0.01578317550366124,0.9122324550106338,乐观,0.8486391575707506,17.0,177331.05970181964,64130.940085482245,-1198846.4701090106,530058.7481779231,4
0.10413941736610002,0.7273977058322552,0.011062071325708318,0.791945360220426,中性,,,135521.67426934428,120121.91930039671,135521.67426934428,132514.6870444808,1
0.09130115018536822,0.729376578093168,0.028259615439728762,0.6194277159387832,中性,,,-28296.187044772385,-43695.94201371996,-28296.187044772385,132514.6870444808,1
0.28462321663871115,0.6861089627737937,0.006184350500137046,0.6552821486554122,乐观,,,-35616.12863152757,-51015.88360047515,-35616.12863152757,132514.6870444808,1
0.0037039127284493657,0.6951972739547244,0.005782087822541113,0.6442517870248813,中性,,,140058.63423125132,124658.87926230374,140058.63423125132,132514.6870444808,1
0.09665556349563431,0.7866108921033624,0.019754884569153152,0.9397741332359116,悲观,,,-344442.6450066161,-359842.39997556363,-344442.6450066161,132514.6870444808,1
0.34134778373694674,0.7985885807424737,0.00906858715262394,0.9091749552541136,乐观,,,72126.84241500992,56727.087446062345,72126.84241500992,132514.6870444808,1
0.10170539350166292,0.8705104834166434,0.016361435757466444,0.8413697817333285,乐观,0.8791821469698535,19.0,246958.11181132356,547233.2500508563,-1168193.3524143908,530058.7481779231,4
0.14461443145567973,0.8451582429968271,0.01295997794571149,0.9196854088965964,中性,,,134890.00186949078,119490.2469005432,134890.00186949078,132514.6870444808,1
0.08654227809016057,0.7493662625094167,0.012940890859089043,0.6312433572321455,悲观,,,-458425.94719355536,-473825.7021625029,-458425.94719355536,132514.6870444808,1
0.13859146216287238,0.6545681954761968,0.009137193939544375,0.8900733283403475,中性,,,72837.73330374852,174183.48075493114,-561083.0646229115,265029.3740889616,2
0.2954321545829531,0.7261167610711949,0.027250486427942387,0.837532219211379,悲观,,,-497517.6996195218,-512917.45458846935,-497517.6996195218,132514.6870444808,1
0.057487464582213654,0.8163429024631284,0.009323598411051952,0.8029170806328173,乐观,1.0684034258351565,18.0,334766.28690831794,924556.9420186481,-1014318.4275314979,530058.7481779231,4
0.0016030418933357994,0.6539791524554137,0.029827114548262663,0.8338555336536662,悲观,,,-291206.19903153146,-306605.954000479,-291206.19903153146,132514.6870444808,1
0.35892087990163746,0.8612912720306461,0.01840501032778438,0.8487168119443026,中性,,,-244932.3361391477,-260332.09110809528,-244932.3361391477,132514.6870444808,1
0.02020787854880206,0.7926962261338075,0.012368879830069075,0.8654484186641407,乐观,1.7064989125336205,15.0,657667.6262796329,1654401.708771578,-581676.8967139759,530058.7481779231,4
0.007264217565745624,0.7929713059245747,0.010782013492171305,0.9495553991615205,中性,0.09964242480536312,27.0,174068.76297076308,734609.4198230524,-346263.5747672289,265029.3740889616,2
0.24430805329416733,0.7828498016215067,0.014904162501481223,0.8710483054399176,中性,,,-40675.25005854351,-56075.00502749109,-40675.25005854351,132514.6870444808,1
0.22677511812775475,0.832021336924341,0.02958542689982344,0.767708955160322,中性,,,-114583.68980866068,-129983.44477760825,-114583.68980866068,132514.6870444808,1
0.004987951176485295,0.8410468535144908,0.018005751676149845,0.7631845721442261,悲观,,,-367661.42682559433,-383061.1817945419,-367661.42682559433,132514.6870444808,1
0.3558625686701589,0.7448017376097336,0.02206453995523051,0.6597496625472603,乐观,,,-146595.50503588817,-161995.26000483576,-146595.50503588817,132514.6870444808,1
0.07137670472873237,0.6978900782958777,0.026474571513942842,0.9650330976567725,悲观,,,-294674.57023149956,-310074.3252004471,-294674.57023149956,132514.6870444808,1
0.18792035526993117,0.8260387770950792,0.02695914334527004,0.7516210780149221,中性,,,-70611.41548824811,-86011.17045719568,-70611.41548824811,132514.6870444808,1
0.29668656420789397,0.825472634396671,0.02457400325065212,0.8279735274566106,悲观,,,-512751.40499816585,-528151.1599671134,-512751.40499816585,132514.6870444808,1
0.36158931635121605,0.8577374094370468,0.024952435895458324,0.6399449908642918,悲观,,,-587605.5832942146,-603005.3382631622,-587605.5832942146,132514.6870444808,1
0.2974401460430608,0.6555536226996672,0.02948061584268199,0.7508578721422723,中性,,,-170437.2697038043,-185837.0246727519,-170437.2697038043,132514.6870444808,1
0.35502843539521733,0.7447111731560198,0.012978312214991652,0.8434964515592986,中性,,,-209229.44456027035,-224629.19952921793,-209229.44456027035,132514.6870444808,1
0.16365599104991888,0.7944259414082501,0.028384534239162366,0.7870561026506386,悲观,,,-448256.93039607914,-463656.6853650267,-448256.93039607914,132514.6870444808,1
0.15088239315320157,0.7445856758223485,0.008277717325655496,0.665148600221822,中性,,,-68217.97029010131,-83617.72525904888,-68217.97029010131,132514.6870444808,1
0.1357911016835611,0.8791756140453939,0.011089918633965185,0.6395698020419289,乐观,,,80839.87894317938,65440.123974231814,80839.87894317938,132514.6870444808,1
0.352414420767148,0.7167472056491571,0.01005220254113695,0.6743064539484348,中性,,,-303630.6456338272,-319030.40060277475,-303630.6456338272,132514.6870444808,1
0.1873666564987084,0.7122655615650882,0.00612932792473566,0.7925965361305123,乐观,0.3484432121198635,22.0,127594.60241390599,-55358.24455617883,-871029.4764619652,397544.06113344233,3
0.2610076803010653,0.7689215735908684,0.0077673018507404025,0.7009745162198349,中性,,,-191000.14011049087,-206399.89507943846,-191000.14011049087,132514.6870444808,1
0.30592142104289377,0.8604105913435086,0.02754104633916096,0.9938274433003016,乐观,,,62463.68231136076,-125078.07560235952,-317986.17183266376,265029.3740889616,2
0.3811996531071926,0.6672373137206923,0.00844483839819513,0.7217866105904132,中性,,,-296737.891993102,-312137.64696204953,-296737.891993102,132514.6870444808,1
0.038791155482191725,0.8529912698725142,0.020418904476932724,0.816945760920882,悲观,,,-368851.811298393,-384251.56626734056,-368851.811298393,132514.6870444808,1
0.10130218976007895,0.6884748859957419,0.026298328944869963,0.8336911440244873,中性,,,90310.3452702148,271119.461872363,-559201.1191859635,265029.3740889616,2
0.1184131451640103,0.7391006329011865,0.015121374110663343,0.904005988697614,乐观,1.335960437204656,16.0,385927.41496525996,778808.9964726523,-871338.1771712172,530058.7481779231,4
0.08272541100561269,0.8759693256171438,0.008016383436092159,0.9584488329694522,悲观,,,-347183.8067587967,-362583.56172774424,-347183.8067587967,132514.6870444808,1
0.10581592446052444,0.8531548486563096,0.009487301808652187,0.765427172523988,中性,,,50737.2008976444,35337.44592869682,50737.2008976444,132514.6870444808,1
0.09810358920928386,0.8204588483206368,0.026283366235055096,0.9498300559422287,中性,,,64233.22355212874,295783.6057412947,-521973.8829369267,265029.3740889616,2
0.2123401577151258,0.7096175369277564,0.011119912538753635,0.6645016251407696,乐观,,,73086.27051376697,57686.5155448194,73086.27051376697,132514.6870444808,1
0.355195531442232,0.8365660911986461,0.017941538032193224,0.7962431662047488,中性,,,-263029.13535007654,-278428.8903190241,-263029.13535007654,132514.6870444808,1
0.21462720543083572,0.7542951403274457,0.008293870822301687,0.6502655411474144,乐观,,,35408.299339654084,20008.54437070651,35408.299339654084,132514.6870444808,1
0.19281230383454023,0.8787693259772453,0.00908942194275275,0.8217666208159734,悲观,,,-467257.9703913259,-482657.72536027344,-467257.9703913259,132514.6870444808,1
0.10127384245064062,0.657213098902683,0.007973832768505282,0.9667393630516783,中性,,,93202.81412477656,380287.083730311,-443844.8283624235,265029.3740889616,2
0.24325168476583664,0.7616033916774255,0.015011281131131957,0.8127544365384273,悲观,,,-480421.71808144933,-495821.4730503969,-480421.71808144933,132514.6870444808,1
0.39544155940783066,0.8463938884889272,0.023540365818287882,0.787503718805581,悲观,,,-569231.4329885672,-584631.1879575148,-569231.4329885672,132514.6870444808,1
0.36826634330942715,0.7319328961716146,0.006252667242423344,0.7369614707242514,乐观,,,-92450.49175619046,-107850.24672513803,-92450.49175619046,132514.6870444808,1
0.2490834979952833,0.8302012603387663,0.024840884596559434,0.684781844432217,乐观,,,-8285.342686178185,-23685.09765512576,-8285.342686178185,132514.6870444808,1
0.17519584116814904,0.8033632758233995,0.00505771931466855,0.9973473993644713,中性,,,168934.82674864357,153535.07177969598,168934.82674864357,132514.6870444808,1
0.024825242616062095,0.7599828899687634,0.008225751429551044,0.6609306840630302,中性,,,101996.05631462691,86596.30134567934,101996.05631462691,132514.6870444808,1
0.15717095662809333,0.8712445880371988,0.01297891236520175,0.8904720513535604,中性,,,75309.06367260024,59909.30870365267,75309.06367260024,132514.6870444808,1
0.26398052045171155,0.7939268856118378,0.016819599318974955,0.9800244378497749,中性,,,4045.033039745227,-11354.721929202347,4045.033039745227,132514.6870444808,1
0.07089420049970903,0.8127425746111588,0.026150189032697717,0.6161014959759695,中性,,,-35358.44712671631,-50758.20209566389,-35358.44712671631,132514.6870444808,1
0.3569950758749305,0.8299084685414883,0.029795192912440704,0.8125655246388975,中性,,,-253866.04579240538,-269265.80076135293,-253866.04579240538,132514.6870444808,1
0.12099211245517126,0.8774085439198381,0.014158387213913406,0.8954042850746514,中性,,,136184.87353538672,120785.11856643915,136184.87353538672,132514.6870444808,1
0.22472757202519975,0.8227478084051711,0.017723353793783855,0.9628345307638034,中性,,,44722.03650425523,29322.281535307655,44722.03650425523,132514.6870444808,1
0.2588287192573301,0.732166983992013,0.015203916705775325,0.776020043293421,悲观,,,-496042.0480983371,-511441.80306728464,-496042.0480983371,132514.6870444808,1
0.03668947162360268,0.8101975815552219,0.021387943458576305,0.865163885684038,悲观,,,-336382.94370201346,-351782.698670961,-336382.94370201346,132514.6870444808,1
0.13061873706871197,0.6974743633422072,0.024453785563600308,0.9442521605584521,悲观,,,-350990.8099785768,-366390.56494752434,-350990.8099785768,132514.6870444808,1
0.26713966353919455,0.6810470728299859,0.011878813140042833,0.6554617984933678,中性,,,-210239.74710414297,-225639.50207309055,-210239.74710414297,132514.6870444808,1
0.2698946189397112,0.8684784584444606,0.01006306019810465,0.8168316139802877,中性,,,-151075.84701905126,-166475.60198799885,-151075.84701905126,132514.6870444808,1
0.38116898739422633,0.7964145158929218,0.011377673275684516,0.8501912627655746,中性,,,-253246.5612849646,-268646.31625391217,-253246.5612849646,132514.6870444808,1
0.39045135627668315,0.7459222724392729,0.022135693019025356,0.6092910329387033,中性,,,-385599.2948026591,-400999.04977160663,-385599.2948026591,132514.6870444808,1
0.35004304532900465,0.7964545866639791,0.016098572159899408,0.9743749997742903,乐观,,,113097.79584771299,97698.04087876542,113097.79584771299,132514.6870444808,1
0.1288862695291753,0.7806916164899216,0.017245606402311566,0.8528810000459449,中性,,,131274.28208867248,115874.52711972491,131274.28208867248,132514.6870444808,1
0.09768200030635531,0.8690412404613287,0.028096862487462657,0.9373291543047916,乐观,1.3088285367938068,16.0,395935.67765299365,876082.8870427185,-880353.4904989516,530058.7481779231,4
0.2979966103118754,0.83352013485488,0.024064752299066017,0.7922430523769226,中性,,,-193177.14661854872,-208576.9015874963,-193177.14661854872,132514.6870444808,1
0.09609051045960126,0.8047566066462297,0.012233003402558363,0.7031233638809418,中性,,,24718.895040617164,9319.14007166959,24718.895040617164,132514.6870444808,1
0.16399295529001728,0.7025255861107117,0.025401400418820778,0.9442279677177504,悲观,,,-376958.4454120293,-392358.20038097684,-376958.4454120293,132514.6870444808,1
0.0030028131199999475,0.7306711924470497,0.024937770892018814,0.9356695464937298,悲观,,,-257323.40132205212,-272723.1562909997,-257323.40132205212,132514.6870444808,1
0.3097343604732205,0.6777690001542631,0.014751564753913229,0.9994438060047663,悲观,,,-456629.1372061986,-472028.89217514615,-456629.1372061986,132514.6870444808,1
0.061585433031050574,0.7514720798112304,0.020491713149246533,0.9731603129653013,乐观,2.1413936702367296,13.0,794098.2041225245,1715323.413128765,-426032.50709546125,530058.7481779231,4
0.027856254636557855,0.6831194041634973,0.024768449347399846,0.7082528609083442,乐观,1.0538318476949051,19.0,352181.0237222455,1077482.2725850022,-1014297.7038679685,530058.7481779231,4
0.2653813028916347,0.6768427525713625,0.025813232123100178,0.6705425520032303,中性,,,-195171.8474864392,-210571.60245538678,-195171.8474864392,132514.6870444808,1
0.220873971423732,0.7701838757792668,0.02215407289037876,0.8610746939477021,乐观,0.28206093175197045,22.0,209946.88341150567,122729.72199112554,-152221.68809987901,265029.3740889616,2
0.3997687636896752,0.7739502566325538,0.0073799771740215995,0.8911373195874873,乐观,,,-29124.486885224054,-44524.24185417163,-29124.486885224054,132514.6870444808,1
0.12733055505160815,0.7606901326010177,0.015619423120386396,0.6205676618227717,中性,,,-86249.73860348063,-101649.4935724282,-86249.73860348063,132514.6870444808,1
0.14133507802738712,0.8389913299115606,0.02580300188204965,0.9284923146391382,中性,,,151644.47366940818,136244.7187004606,151644.47366940818,132514.6870444808,1
0.12861827289635983,0.8297169871200931,0.025034735846068076,0.7965029785565465,乐观,0.5999739118831786,21.0,242284.23196289915,285319.9358746387,-691763.07135071,397544.06113344233,3
0.057563478431423315,0.8609765071181504,0.007402380824297032,0.6614102088218455,中性,,,11515.99390624978,-3883.761062697795,11515.99390624978,132514.6870444808,1
0.02700739207496601,0.6626737043360265,0.005012968604142638,0.7745266638777053,乐观,1.471043550280847,16.0,541034.5738337206,1417232.9835400349,-735254.5943182247,530058.7481779231,4
0.013935340111966267,0.8065418255518053,0.02557818293540466,0.6672003394311484,悲观,,,-411186.675772789,-426586.43074173655,-411186.675772789,132514.6870444808,1
0.34432038944821447,0.8475499063880227,0.01847354415660467,0.9276799517175921,悲观,,,-516220.1997745835,-531619.9547435311,-516220.1997745835,132514.6870444808,1
0.15779260717550178,0.8270714134655295,0.011436298983099084,0.9009315657734212,中性,,,104908.22049193853,89508.46552299095,104908.22049193853,132514.6870444808,1
0.3001063951792933,0.7615231130857592,0.01419760850554544,0.687675686591453,悲观,,,-543458.6139193265,-558858.3688882741,-543458.6139193265,132514.6870444808,1
0.3005963242285584,0.6785384835281505,0.0071495587527736285,0.670516546008852,悲观,,,-540622.8031158372,-556022.5580847848,-540622.8031158372,132514.6870444808,1
0.3292430491227599,0.745641589633811,0.02975971143401206,0.6548845031162449,中性,,,-297196.3116078387,-312596.0665767863,-297196.3116078387,132514.6870444808,1
0.17949180288050026,0.7443003624072978,0.026877104976352057,0.9902382583313598,乐观,1.2163868169196381,15.0,277135.29922845995,396629.558609682,-962209.2237651489,530058.7481779231,4
0.07692027161405322,0.7029915010901442,0.02140184697737658,0.7156334326552767,中性,,,107842.30498472413,92442.55001577656,107842.30498472413,132514.6870444808,1
0.22656826032385788,0.7822181044376967,0.025713673120969643,0.884213108697071,悲观,,,-451981.6491596721,-467381.40412861964,-451981.6491596721,132514.6870444808,1
0.019783654858406274,0.7943740285894438,0.017154801890556886,0.7040738621371966,中性,,,145235.6246927044,129835.86972375684,145235.6246927044,132514.6870444808,1
0.30316412749314425,0.8483867563179033,0.019030576697251105,0.7541477923428412,中性,,,-229650.8618639969,-245050.61683294448,-229650.8618639969,132514.6870444808,1
0.2087673883077014,0.7255399084554515,0.019102378426180573,0.870660953003855,悲观,,,-436784.8411705929,-452184.59613954043,-436784.8411705929,132514.6870444808,1
0.0004269860090988953,0.7009465133217784,0.027362787442969525,0.8585163052914236,悲观,,,-287252.2359203585,-302651.99088930606,-287252.2359203585,132514.6870444808,1
0.35610558472944753,0.7627894256689616,0.016902293916966515,0.974216777537062,悲观,,,-501456.02971490513,-516855.7846838527,-501456.02971490513,132514.6870444808,1
0.08607130985148742,0.7905851180371334,0.009887162739550103,0.8718108036835831,悲观,,,-365174.89741757396,-380574.6523865215,-365174.89741757396,132514.6870444808,1
0.03966278823952574,0.6996764383138016,0.015568350856801555,0.6704553196692319,悲观,,,-407019.1921247028,-422418.94709365035,-407019.1921247028,132514.6870444808,1
0.3441127544875764,0.726895328863354,0.01401896716295634,0.622108163800491,中性,,,-329797.57023417205,-345197.3252031196,-329797.57023417205,132514.6870444808,1
0.10592287092863187,0.7965164161620293,0.010134757441810166,0.9553461812251363,乐观,1.5366641932674923,15.0,477936.76031754306,990816.7563482567,-761407.7626760658,530058.7481779231,4
0.03993242287071608,0.6757767095092585,0.0078831609527747,0.8478277025241248,悲观,,,-318799.05371166964,-334198.8086806172,-318799.05371166964,132514.6870444808,1
0.34095292717210657,0.8310251635850943,0.025495221455950602,0.8104242107544084,乐观,,,-26044.273797919748,-41444.028766867326,-26044.273797919748,132514.6870444808,1
0.01767004117766451,0.7463035914046672,0.013098416723440903,0.9794581994850564,中性,0.1477951473997885,26.0,193430.6355645954,748294.9157717524,-310019.2443766964,265029.3740889616,2
0.3224763861778901,0.6908818864780445,0.02946585359751097,0.7994558187505261,中性,,,-179217.07008380484,-194616.82505275242,-179217.07008380484,132514.6870444808,1
0.3883538914182951,0.7413757666921148,0.014938125613874823,0.8339010811219747,悲观,,,-546684.9296503046,-562084.6846192522,-546684.9296503046,132514.6870444808,1
0.12843425056474198,0.6963699973868314,0.00758208697767624,0.9464578425324081,中性,,,64939.823597113544,233794.50908578455,-521267.2828919419,265029.3740889616,2
0.1434691166111645,0.7480806505680111,0.015787975092183864,0.8532596728578837,乐观,0.9054688384561445,18.0,219445.50456546913,358761.11492535396,-1143600.1307802617,530058.7481779231,4
0.37311184786279306,0.7439580750873592,0.013231561489944237,0.780418600074102,中性,,,-269587.03966085654,-284986.7946298041,-269587.03966085654,132514.6870444808,1
0.18472716457989932,0.8081008183560082,0.01885997558449409,0.7282862186776304,中性,,,-79443.99020307334,-94843.7451720209,-79443.99020307334,132514.6870444808,1
0.15143711502389237,0.6727135443798533,0.009151565810349328,0.8892455208581544,中性,,,172613.00640170948,157213.2514327619,172613.00640170948,132514.6870444808,1
0.08581558902405746,0.7850413785379657,0.02388848856183568,0.7029689449381485,乐观,0.4365964878334043,25.0,184231.43878017378,328115.4922598237,-852253.582960822,397544.06113344233,3
0.37100194385001983,0.7933746869777218,0.02172369147478949,0.6210303961292222,乐观,,,-212381.92170486285,-227781.67667381043,-212381.92170486285,132514.6870444808,1
0.15699389370597752,0.8717360961309032,0.019474438118756064,0.6018475195373311,悲观,,,-520006.5039741606,-535406.2589431081,-520006.5039741606,132514.6870444808,1
0.2721675222679688,0.785040323319664,0.005663310930151859,0.8973839844889542,乐观,,,87888.01227771463,-80065.48276304956,-310662.12170060683,265029.3740889616,2
0.19856699297572333,0.7617817856857412,0.0051368277208656875,0.9146598849974397,中性,,,76819.06992361123,61419.314954663656,76819.06992361123,132514.6870444808,1
0.35150544791301586,0.7395345410139328,0.01912694776576764,0.708136715279731,悲观,,,-558243.6596551866,-573643.4146241342,-558243.6596551866,132514.6870444808,1
0.3099631613525312,0.7691817149231076,0.018412198093806266,0.9861663813926942,乐观,,21.0,113920.8369450469,-46185.62259365569,-229783.6391073715,265029.3740889616,2
0.3422568486809614,0.6950262302636081,0.019856817357539497,0.9512589698622149,中性,,,-108771.99819017679,-124171.75315912436,-108771.99819017679,132514.6870444808,1
0.04044246637423399,0.8446310965375813,0.01704408878405429,0.8257570721436714,乐观,1.2345048479145828,17.0,420982.45317979483,1145347.50360914,-891885.5715645631,530058.7481779231,4
0.24288457219762885,0.7519950525598643,0.014249609196179944,0.7670477170616182,悲观,,,-492725.30138265836,-508125.0563516059,-492725.30138265836,132514.6870444808,1
0.3179002233670287,0.8510520459648898,0.01210992836433522,0.7215186473639776,乐观,,,-78845.24475993603,-94244.9997288836,-78845.24475993603,132514.6870444808,1
0.009588142211182184,0.7749097865041347,0.016591892867037526,0.876050707831384,悲观,,,-302459.34096333175,-317859.0959322793,-302459.34096333175,132514.6870444808,1
0.2673322963180615,0.7404161618899704,0.02046786945424105,0.6160380039491103,中性,,,-255428.86257650895,-270828.6175454565,-255428.86257650895,132514.6870444808,1
0.20890035759294887,0.7014383366851968,0.008490591354478017,0.6753897212049206,中性,,,-124221.69483660549,-139621.44980555307,-124221.69483660549,132514.6870444808,1
0.038724059721988585,0.877356750975105,0.015124851537395432,0.9235878410026996,乐观,1.6339703134207024,15.0,601266.311901525,1471558.1570103476,-638078.2110920838,530058.7481779231,4
0.032294112001095644,0.8064006723043986,0.026785227168530348,0.8536937735866913,中性,,,94177.59385416962,498112.1240471839,-492029.51263488585,265029.3740889616,2
0.17243054305517533,0.6586157326417662,0.01836501878223188,0.997417198714739,乐观,1.5646987040946305,14.0,407767.67081368645,634475.8532940808,-812363.0404042993,530058.7481779231,4
0.016159691536865275,0.8193912808710772,0.01254412166742327,0.9611956613624547,悲观,,,-278724.0480944898,-294123.80306343734,-278724.0480944898,132514.6870444808,1
0.3743496408044322,0.8509941785090664,0.007937609556315037,0.6239297349269196,乐观,,,-231234.21955852536,-246633.97452747295,-231234.21955852536,132514.6870444808,1
0.06230306838983175,0.778375556714209,0.027893621446967738,0.8269792454197293,中性,,,89563.64296667061,379812.4452778727,-544357.1549599895,265029.3740889616,2
0.17800642194159688,0.6651481209689291,0.02921880803403997,0.7242616740324331,悲观,,,-460922.8262688122,-476322.58123775973,-460922.8262688122,132514.6870444808,1
0.11441892073615811,0.8814495667739549,0.007357151337200175,0.9469212162004725,中性,,,82561.11003776931,226400.9329295941,-566950.354418409,265029.3740889616,2
0.3320076716636113,0.8842154096882952,0.026053866387921794,0.9773529405111412,悲观,,,-503605.763084007,-519005.5180529546,-503605.763084007,132514.6870444808,1
0.31831542606678803,0.7809621665794515,0.018587389876996516,0.9595686305282054,乐观,,,40576.11506861328,-159137.13436862733,-339873.7390754113,265029.3740889616,2
0.2819353292172724,0.7659052134732282,0.01641009644754613,0.7545365828892727,中性,,,-177345.3138303083,-192745.06879925588,-177345.3138303083,132514.6870444808,1
0.15660273667377256,0.6715407764602869,0.006935902131510956,0.9119479375489247,中性,,,96810.02391337401,139459.51834487327,-568137.744037377,265029.3740889616,1
0.3722737954178482,0.7969330420625487,0.005879399554610493,0.6630093365269918,悲观,,,-581357.4576368061,-596757.2126057537,-581357.4576368061,132514.6870444808,1
0.39029440975586427,0.7024890142763924,0.01789389190720128,0.9744707726560784,乐观,,,80293.0754351413,64893.320466193734,80293.0754351413,132514.6870444808,1
0.09454417415341783,0.6617882345000097,0.008840045813443963,0.6253313914810232,悲观,,,-453604.8674159264,-469004.622384874,-453604.8674159264,132514.6870444808,1
0.22742788588149418,0.8689877111109541,0.0184304720923585,0.8503958226796322,悲观,,,-476237.1978801193,-491636.9528490669,-476237.1978801193,132514.6870444808,1
0.3202334482695401,0.7982693380413399,0.02660342072981812,0.9795372428023137,中性,,,-89759.50225581197,-105159.25722475954,-89759.50225581197,132514.6870444808,1
0.03623162341417574,0.7042229499000278,0.015946039141895928,0.9782774607297893,中性,0.10860912427708613,26.0,176091.66512904406,675508.0819327005,-327358.2148122478,265029.3740889616,2
0.308309285466148,0.7797144061209812,0.009570219260774414,0.7282936475813806,中性,,,-233027.4790949218,-248427.23406386937,-233027.4790949218,132514.6870444808,1
0.2691413578739574,0.754342339234171,0.010716140066552866,0.8887627118050705,悲观,,,-472065.79213079554,-487465.5470997431,-472065.79213079554,132514.6870444808,1
0.3746678767460507,0.6950968589687544,0.0076828090708130105,0.7990590809461515,中性,,,-249062.43202193064,-264462.1869908782,-249062.43202193064,132514.6870444808,1
0.20327716591129794,0.7548001974413215,0.029870372320740208,0.7945122450682327,中性,,,-29669.783029206206,-45069.537998153784,-29669.783029206206,132514.6870444808,1
0.16870642508582454,0.6660381811283511,0.0198239157787404,0.6911871088892729,中性,,,-42554.91633728431,-57954.67130623189,-42554.91633728431,132514.6870444808,1
0.020333384779390864,0.8855329043007204,0.016725126975316803,0.9587021486362793,中性,,,119136.90262791465,595753.1109977212,-417910.7398592854,265029.3740889616,2
0.024132327429688696,0.8473312510625137,0.02120459324167836,0.9127028190295781,中性,,,108435.74245956137,560903.779960899,-445161.70671002293,265029.3740889616,2
0.25517469769865797,0.8554949609111858,0.020776636071797187,0.7390694539343613,中性,,,-182700.6641672833,-198100.4191362309,-182700.6641672833,132514.6870444808,1
0.26874167544562694,0.8805408710015901,0.01427280803854173,0.7700327070056525,乐观,,,24206.425090278135,8806.67012133056,24206.425090278135,132514.6870444808,1
0.2023049258970965,0.8267775423477759,0.0164927366113398,0.6861980567250802,中性,,,-146400.37606066433,-161800.13102961192,-146400.37606066433,132514.6870444808,1
0.05246206767388398,0.6976600792475139,0.020670624569605216,0.898907920076828,乐观,1.928510243108092,14.0,714157.793570999,1621316.0522524253,-525186.7294226098,530058.7481779231,4
0.10903459896635669,0.6765738220641331,0.028901166488065726,0.661769235208857,悲观,,,-447988.4470355754,-463388.20200452296,-447988.4470355754,132514.6870444808,1
0.1165317814233863,0.777053924966309,0.02707063915085195,0.9042184090919467,中性,,,72695.49679331412,221633.46454368648,-561225.3011333459,265029.3740889616,2
0.07007222714240147,0.7358438315662339,0.016960123152166946,0.6589703813942344,中性,,,42930.14151151709,27530.386542569515,42930.14151151709,132514.6870444808,1
0.12333328158113771,0.6805462875989694,0.01875599229770644,0.8820112786096772,悲观,,,-367419.68827774643,-382819.443246694,-367419.68827774643,132514.6870444808,1
0.19244924070525993,0.8377306868642709,0.02369975322381117,0.9260292384875016,中性,,,62926.74914565755,47526.99417670998,62926.74914565755,132514.6870444808,1
0.3282228330559443,0.7077807370914246,0.014020264035437883,0.6705422305671205,中性,,,-277302.3674465612,-292702.1224155088,-277302.3674465612,132514.6870444808,1
0.15682400896617732,0.7078225079394349,0.02379451773076954,0.7255387088446587,中性,,,-5914.430455325841,-21314.185424273415,-5914.430455325841,132514.6870444808,1
0.05235613234019803,0.7553172084324677,0.01257411572093255,0.7477091365363875,悲观,,,-388742.15583472437,-404141.9108036719,-388742.15583472437,132514.6870444808,1
0.3052621959279602,0.8732008033651322,0.017448296319722188,0.857199369336333,乐观,,,51128.9703779862,35729.21540903863,51128.9703779862,132514.6870444808,1
0.39953185493346344,0.7972439563351598,0.027244486663496718,0.9634432986222567,乐观,,,17509.54907018289,2109.794101235315,17509.54907018289,132514.6870444808,1
0.1843725564292441,0.6694769601017359,0.005395138886003346,0.7908802533131698,中性,,,26039.742414038836,10639.987445091261,26039.742414038836,132514.6870444808,1
0.16294495514518892,0.7863601643099275,0.018804067582610676,0.9346452164130772,悲观,,,-394592.37126105855,-409992.1262300061,-394592.37126105855,132514.6870444808,1
0.09007106644221818,0.8403211949503113,0.026195921680591365,0.9979296854483471,乐观,1.766974415104793,14.0,592189.1129205106,1249911.5321301175,-647155.4100730983,530058.7481779231,4
0.35595960282893246,0.7254435062311771,0.01504154085023441,0.7072340419282204,中性,,,-289072.1274316951,-304471.8824006427,-289072.1274316951,132514.6870444808,1
0.3755221416828154,0.7327138127627882,0.018925044547036255,0.718519852181394,悲观,,,-565273.8968326435,-580673.6518015912,-565273.8968326435,132514.6870444808,1
0.07807421192746228,0.6639068826891512,0.028732338075231435,0.7611518434030519,乐观,1.071435999448402,18.0,327217.1466976048,809154.3802861164,-1019604.7785389365,530058.7481779231,4
0.27253178907587644,0.6960610787386605,0.009386556164477197,0.9247952806042179,中性,,,-14400.596423659903,-29800.351392607477,-14400.596423659903,132514.6870444808,1
0.3653140734807903,0.6836132971254778,0.021942715361361737,0.9257895504123735,悲观,,,-508925.25704268756,-524325.0120116351,-508925.25704268756,132514.6870444808,1
0.11048294538262643,0.8814845326734084,0.011614940133653957,0.7719828199600192,中性,,,36417.45775966611,21017.702790718537,36417.45775966611,132514.6870444808,1
0.10121389997187343,0.8361898607449018,0.02429623358072888,0.7513272056895143,乐观,0.4947736016465569,23.0,206079.61053588518,311616.9108916488,-796598.6990743602,397544.06113344233,3
0.08522997375960095,0.6510333861602429,0.019279184051393526,0.9976311089809514,悲观,,,-282512.6574588729,-297912.41242782044,-282512.6574588729,132514.6870444808,1
0.08319922948338423,0.7745395141969003,0.025248518411121766,0.6356168020300212,中性,,,-15862.622073014107,-31262.37704196168,-15862.622073014107,132514.6870444808,1
0.29883032025195455,0.7391703700175268,0.009720910511890973,0.6781983309586349,中性,,,-245628.44607516733,-261028.20104411492,-245628.44607516733,132514.6870444808,1
0.19176682992235647,0.8568354602758433,0.021056310464199837,0.8761607818062005,乐观,0.39441302306401793,22.0,141988.43734776857,-37041.23183907513,-840731.602601341,397544.06113344233,3
0.16473737612038952,0.7468050567797908,0.028083674193145305,0.6983502348020234,中性,,,-56579.63816404819,-71979.39313299577,-56579.63816404819,132514.6870444808,1
0.3018292552872539,0.6734691193869063,0.0167057851423396,0.6802249885286216,悲观,,,-538076.3973349292,-553476.1523038768,-538076.3973349292,132514.6870444808,1
0.1855312441851505,0.7194631298019356,0.024901511190646774,0.963041956556193,乐观,1.1091716334009867,16.0,236911.46452955162,295743.0793267365,-1020354.1276069256,530058.7481779231,4
0.1064123490486661,0.7157922544852661,0.011368208752936685,0.6540152384224944,乐观,0.08431635580189556,32.0,156481.78930617336,152781.28038193102,-346968.0906351184,265029.3740889616,2
0.16081911926282777,0.7039254738910097,0.02616677626270609,0.7596781210631162,悲观,,,-443057.818393012,-458457.57336195954,-443057.818393012,132514.6870444808,1
0.06477662809985248,0.8034200816854808,0.0245726318542931,0.6843737553954852,乐观,0.4401043643947853,25.0,190838.3186924794,402050.79540411953,-845646.7030485164,397544.06113344233,3
0.3403988480208658,0.8536113809746595,0.010691528669980353,0.6202143954600231,乐观,,,-196628.37163070997,-212028.12659965755,-196628.37163070997,132514.6870444808,1
0.12232009149542696,0.7985399314816463,0.023999172092518253,0.651317303404448,乐观,,,157068.4429645796,141668.687995632,157068.4429645796,132514.6870444808,1
0.37540458358442635,0.8248099917791382,0.01603056871201395,0.9506712555006811,中性,,,-198357.87926998222,-213757.6342389298,-198357.87926998222,132514.6870444808,1
0.29790837112670165,0.846921426526065,0.023733821542475147,0.7151419504192615,悲观,,,-544427.1733985816,-559826.9283675292,-544427.1733985816,132514.6870444808,1
0.09533541174482406,0.7706899848752848,0.017631923057327394,0.833057739725815,中性,,,173472.70873905945,158072.95377011187,173472.70873905945,132514.6870444808,1
0.3147565525800111,0.8691569000833299,0.011168126336986781,0.8946092870807552,中性,,,-161761.26929813088,-177161.02426707846,-161761.26929813088,132514.6870444808,1
0.209236199711726,0.6952472561297984,0.024880806464567737,0.9842505142515331,中性,,,143881.83866990628,128482.08370095871,143881.83866990628,132514.6870444808,1
0.3671439986502936,0.8862044635875199,0.013801266855980956,0.8552894211705347,中性,,,-259215.57990727498,-274615.33487622254,-259215.57990727498,132514.6870444808,1
0.39465149874529204,0.672513877761854,0.015309372857430614,0.9502156178108945,中性,,,-182927.15038621405,-198326.90535516164,-182927.15038621405,132514.6870444808,1
0.3151171402555491,0.7418679590672614,0.029499463497253957,0.953411934569483,中性,,,-79039.98522812888,-94439.74019707645,-79039.98522812888,132514.6870444808,1
0.3080772454151421,0.7308455705199846,0.020159071005388378,0.8633923073573168,乐观,,,118035.44832800524,102635.69335905767,118035.44832800524,132514.6870444808,1
0.009780336352805952,0.7028378938765519,0.02279794526471447,0.8254092947878149,中性,,,115740.7996849952,607685.4798302304,-437856.6494845891,265029.3740889616,2
0.022083982683192185,0.7335862120307495,0.026627505797766206,0.6123571348144129,中性,,,58334.174611140115,42934.419642192544,58334.174611140115,132514.6870444808,1
0.3780593150683091,0.6622113762908035,0.02374264377611592,0.7030450464728146,乐观,,,-114277.74143835052,-129677.4964072981,-114277.74143835052,132514.6870444808,1
0.29842719158374603,0.8625692410060071,0.01039811976078165,0.812517101927442,乐观,,,26995.61724871386,11595.862279766287,26995.61724871386,132514.6870444808,1
0.0982798971979924,0.705379113264132,0.005679553337439625,0.9834061175901809,中性,,,93517.60257572639,386850.5591379165,-443530.0399114737,265029.3740889616,2
0.25422414160407397,0.8285587334467979,0.01829032296738598,0.7904535284361641,中性,,,-133974.64796798784,-149374.40293693542,-133974.64796798784,132514.6870444808,1
0.25617568484145653,0.698368394094172,0.02720146737537174,0.924700948487706,中性,,,11655.502338739185,-3744.2526302083897,11655.502338739185,132514.6870444808,1
0.23144371872500977,0.6838465519880035,0.02930865619833995,0.9611570750521135,乐观,0.866317550708005,17.0,162658.96567043196,-80358.67501538745,-1192673.6080378415,530058.7481779231,4
0.13286521908138066,0.6905923297718854,0.010294304086657758,0.6360005564180359,悲观,,,-473009.2573907315,-488409.01235967904,-473009.2573907315,132514.6870444808,1
0.02852181367393816,0.8875575366091697,0.00685144208422684,0.6530168323805654,乐观,0.20843219159599125,30.0,205836.14212994857,341966.4289505638,-314496.19560804346,265029.3740889616,2
0.23209608669717727,0.8358601290966398,0.020772800194316373,0.9528700281315792,中性,,,18992.839252874608,3593.0842839270335,18992.839252874608,132514.6870444808,1
0.20885003716126038,0.821059926502712,0.016184818794802734,0.7384255291618939,中性,,,-109408.30000105134,-124808.0549699989,-109408.30000105134,132514.6870444808,1
0.06788564203942427,0.841177215152646,0.011517594533398616,0.6614126185348189,悲观,,,-450140.8887688664,-465540.643737814,-450140.8887688664,132514.6870444808,1
0.3368280607088959,0.7292483109434555,0.022151246737647505,0.9425638522622957,悲观,,,-493959.4768288853,-509359.2317978329,-493959.4768288853,132514.6870444808,1
0.3060097620712172,0.7238397119309672,0.010415559104601067,0.8755605809811888,乐观,,,-7768.538484636418,-265260.5954483172,-476945.34085284715,265029.3740889616,2
0.11800768348495816,0.7865201132922366,0.012245852846237288,0.8217142342905712,中性,,,116691.22581596888,101291.47084702131,116691.22581596888,132514.6870444808,1
0.24413415551607193,0.799651128714259,0.008376994805438102,0.8774161878346878,中性,,,-41922.935382032076,-57322.690350979654,-41922.935382032076,132514.6870444808,1
0.2730352488867533,0.6677769326572895,0.016170971060353815,0.7636140528182919,悲观,,,-499994.3710212147,-515394.12599016225,-499994.3710212147,132514.6870444808,1
0.08894717115872429,0.7558310316315289,0.023572657746452057,0.6948248307938653,乐观,0.4524088471112446,25.0,190539.48479123472,321859.1959240729,-828201.90413504,397544.06113344233,3
0.21831931429578538,0.8325012044443082,0.016813899583421426,0.7996776901688893,中性,,,-77048.69490911657,-92448.44987806414,-77048.69490911657,132514.6870444808,1
0.3711882432663297,0.7680350195390984,0.018216438452707272,0.8407987854110118,中性,,,-238265.26649901154,-253665.02146795913,-238265.26649901154,132514.6870444808,1
0.028740134194493727,0.7737649852452733,0.017039789730151085,0.9686739936950282,中性,0.07369551656526951,27.0,162825.0730653641,664867.5218100965,-357507.2646726279,265029.3740889616,2
0.1873282138777324,0.8809279972483285,0.016264411590022038,0.6723537721288361,悲观,,,-511695.0022510427,-527094.7572199902,-511695.0022510427,132514.6870444808,1
0.03807501533478966,0.6501363510221467,0.015798641525012046,0.9076970325192886,中性,0.018857450635502593,28.0,140311.74449552895,602256.0239539539,-380020.5932424631,265029.3740889616,2
0.012859635121140078,0.7867958968625679,0.008857078135336899,0.9764305139058789,悲观,,,-260151.12874508364,-275550.8837140312,-260151.12874508364,132514.6870444808,1
0.2506556870789926,0.7282972069193736,0.021039033149108804,0.76490343858563,乐观,,,117438.88705816446,102039.13208921689,117438.88705816446,132514.6870444808,1
0.09227165013114313,0.8673900446994225,0.017505241232833802,0.9024372590851412,乐观,1.1953027044354778,17.0,356307.56153187883,819509.0670182684,-937725.2394347875,530058.7481779231,4
0.399531444381922,0.70374695974255,0.01217231033908637,0.7001732346927553,中性,,,-336369.78331292124,-351769.5382818688,-336369.78331292124,132514.6870444808,1
0.23297789661575097,0.8884454055550024,0.02975695217731886,0.8107092925449231,中性,,,-112200.08934179178,-127599.84431073935,-112200.08934179178,132514.6870444808,1
0.3439882174806424,0.8739040300288412,0.010096515683238598,0.8114166915769812,乐观,,,-48464.169095739104,-63863.92406468668,-48464.169095739104,132514.6870444808,1
0.12128083065383666,0.755554170195312,0.0296405275378002,0.9940186786883484,乐观,1.740034721951465,14.0,540691.6075937682,1038137.8985721591,-679439.1036242176,530058.7481779231,4
0.3193793379312231,0.7145913201734734,0.013021251851679686,0.8189131364819499,中性,,,-168139.22204908077,-183538.97701802835,-168139.22204908077,132514.6870444808,1
0.2022011277428268,0.8028008671799135,0.015208075565824718,0.8996696629262131,中性,,,40716.115780458655,25316.36081151108,40716.115780458655,132514.6870444808,1
0.13227079877854103,0.6805342308540387,0.00971780525072298,0.9402083515685431,中性,,,58273.76789811568,214113.26810964965,-527933.3385909398,265029.3740889616,2
0.09114711462113352,0.832241864005373,0.018849528145421485,0.6084624045693173,中性,,,-77814.20184001216,-93213.95680895973,-77814.20184001216,132514.6870444808,1
0.07080056444853643,0.8074094866358817,0.011875776015756321,0.6259787116839775,悲观,,,-460974.43886813853,-476374.1938370861,-460974.43886813853,132514.6870444808,1
0.23269091918348597,0.6552136293689815,0.026219802828402215,0.6621588477029102,中性,,,-154630.01087605252,-170029.7658450001,-154630.01087605252,132514.6870444808,1
0.17787521120429828,0.7562843650956567,0.006794928559001146,0.9211009000848862,乐观,0.9550287322918871,17.0,217913.17030033827,224800.121472665,-1124792.3673018285,530058.7481779231,4
0.0044066669536913855,0.6928650021673083,0.02759760471988697,0.8197974451200233,悲观,,,-308384.53482843697,-323784.2897973845,-308384.53482843697,132514.6870444808,1
0.08111618104366354,0.8083966986169074,0.023120420556171827,0.8397707234319741,乐观,1.109656974104369,18.0,330713.1123240513,820661.6721196829,-982154.9124203066,530058.7481779231,4
0.19762544146471084,0.7220652589142065,0.016930822749394912,0.7438665174666443,悲观,,,-472073.25093630713,-487473.0059052547,-472073.25093630713,132514.6870444808,1
0.018385299736056026,0.7345309984556299,0.022785233692743555,0.6073751211500775,中性,,,57133.54670859602,41733.79173964844,57133.54670859602,132514.6870444808,1
0.2576037605799474,0.7964969862018337,0.024416210897217898,0.924207886263919,中性,,,-27003.395877329363,-42403.15084627694,-27003.395877329363,132514.6870444808,1
0.04111907845789978,0.7640053865610466,0.020085148937190215,0.6982264155237806,悲观,,,-405563.5532279404,-420963.30819688796,-405563.5532279404,132514.6870444808,1
0.08943612835041877,0.7591746564158334,0.01534825797636502,0.6706667925308646,乐观,0.23414754032153984,28.0,212225.3183387741,250768.97561065908,-256951.48402943666,265029.3740889616,2
0.37027466749468985,0.6983235965726516,0.02823932288918054,0.6071443836700723,乐观,,,-197189.87188286814,-212589.62685181573,-197189.87188286814,132514.6870444808,1
0.3807715160323632,0.6528924471238221,0.0240754824194187,0.9880806290279374,乐观,,,-36005.379450253255,-272060.93206235615,-398173.95096163795,265029.3740889616,2
0.38828406447848524,0.7820776413674335,0.006953903497134707,0.9399156791220145,中性,,,-209256.08090942862,-224655.8358783762,-209256.08090942862,132514.6870444808,1
0.24589469767531563,0.7501408663660847,0.019296049413027726,0.6614319116344458,中性,,,-197591.6784532894,-212991.433422237,-197591.6784532894,132514.6870444808,1
0.030006922940616933,0.8251473840905101,0.02622446056562135,0.7889874710257953,中性,,,79561.53405664583,437585.3767135439,-554359.2638700142,265029.3740889616,2
0.12488570916883131,0.8826700600941411,0.023328111863988633,0.747595421320138,悲观,,,-455160.3962090873,-470560.15117803484,-455160.3962090873,132514.6870444808,1
0.08783183688083654,0.761341348666412,0.028564210007858446,0.8936585383043671,悲观,,,-351478.0540943177,-366877.8090632653,-351478.0540943177,132514.6870444808,1
0.34382445336755924,0.7407681255223235,0.026293054568812965,0.6966798391924524,中性,,,-285404.02039918245,-300803.77536813,-285404.02039918245,132514.6870444808,1
0.3706681952325128,0.7118945621954706,0.022323164764646374,0.9949250479828575,悲观,,,-499164.7859729388,-514564.5409418864,-499164.7859729388,132514.6870444808,1
0.035360916280269765,0.8118068461867559,0.013493398693725758,0.6284977909466364,中性,,,27345.268085510113,11945.513116562539,27345.268085510113,132514.6870444808,1
0.30150827185758233,0.7184293760996453,0.013376171937628367,0.9382797602587889,中性,,,-59566.66842256432,-74966.4233915119,-59566.66842256432,132514.6870444808,1
0.33709278752258887,0.7571334781144903,0.028824379039002583,0.8603178358870947,悲观,,,-517200.6350470364,-532600.390015984,-517200.6350470364,132514.6870444808,1
0.3540371952907203,0.7674236457993915,0.008540974199322624,0.6610760535365683,中性,,,-324368.73547981377,-339768.4904487613,-324368.73547981377,132514.6870444808,1
0.018949002691795915,0.7187825035793152,0.008494689761746702,0.7764309718469137,中性,,,94944.07757548669,520505.8095742229,-507326.1082295981,265029.3740889616,2
0.20875057387554238,0.7171127189846073,0.00580108973445443,0.8457544426140743,中性,,,18792.10902865014,3392.354059702564,18792.10902865014,132514.6870444808,1
0.2605339994960186,0.6760800729930244,0.005344433882351258,0.6993176991541171,中性,,,-165921.0541064287,-181320.80907537628,-165921.0541064287,132514.6870444808,1
0.15762878966738691,0.8444726132656319,0.014445941104820597,0.8121764718412315,中性,,,18757.79346880574,3358.038499858165,18757.79346880574,132514.6870444808,1
0.008732556658324642,0.7736320104430854,0.013620781484970947,0.7685120510733019,悲观,,,-353322.73943903437,-368722.4944079819,-353322.73943903437,132514.6870444808,1
0.31312822625945813,0.8761770201940454,0.00555672051574,0.8405491051245392,乐观,,,22458.96270033445,7059.207731386876,22458.96270033445,132514.6870444808,1
0.11392303545995577,0.839013340367172,0.02080887626915753,0.971665052908428,乐观,1.4217500000188634,15.0,422848.98802873725,866980.477207363,-816495.5349648716,530058.7481779231,4
0.016938445599481922,0.7567850626464815,0.018674694689455453,0.6586972932830609,中性,,,112565.6143940948,97165.85942514722,112565.6143940948,132514.6870444808,1
0.3950589791025847,0.6538953095221932,0.0163126982881096,0.9370618486872785,中性,,,-186390.78410676267,-201790.53907571026,-186390.78410676267,132514.6870444808,1
0.19191940110206135,0.8847309789891152,0.016871920911892595,0.6523685248585996,悲观,,,-520554.11408022913,-535953.8690491767,-520554.11408022913,132514.6870444808,1
0.3781666289759794,0.7137942591860158,0.01760159766411377,0.6362807064359874,中性,,,-352708.55218663934,-368108.3071555869,-352708.55218663934,132514.6870444808,1
0.37204220770004964,0.7705791184714252,0.029278378795058197,0.7035342548949599,中性,,,-319008.9686590345,-334408.7236279821,-319008.9686590345,132514.6870444808,1
0.34381231672373014,0.7575805650928985,0.01198718433925474,0.9421901453671526,中性,,,-136170.662884163,-151570.4178531106,-136170.662884163,132514.6870444808,1
0.21228931642409365,0.8843664959396349,0.009662082368896596,0.7205602546880743,悲观,,,-509049.7922179966,-524449.5471869442,-509049.7922179966,132514.6870444808,1
0.1567350839640211,0.6980440233403663,0.022000873385197284,0.6725285835063409,中性,,,-53786.59695530854,-69186.35192425612,-53786.59695530854,132514.6870444808,1
0.10539017127572708,0.735252280189088,0.013721516301159937,0.8867007000654437,中性,,,74101.9317864701,266415.09730158304,-544072.2929453764,265029.3740889616,2
0.14451955954107323,0.854629452569468,0.019298765641030065,0.6855323285111992,乐观,,,137237.54244505588,121837.78747610831,137237.54244505588,132514.6870444808,1
0.13706011841345625,0.6593550506089569,0.01736500559936132,0.6495752217763511,悲观,,,-466100.6759299512,-481500.43089889875,-466100.6759299512,132514.6870444808,1
0.29884434907496443,0.6813804352103164,0.02517360560885089,0.9747629152523815,中性,,,-17142.53132937132,-32542.286298318893,-17142.53132937132,132514.6870444808,1
0.2841436768091317,0.8212607863777802,0.029820198931761122,0.7366153048806492,悲观,,,-529863.4217276045,-545263.1766965521,-529863.4217276045,132514.6870444808,1
0.2076668939657286,0.77797995435961,0.009447812207403612,0.8452437675976558,悲观,,,-452188.7819027675,-467588.53687171504,-452188.7819027675,132514.6870444808,1
0.37106736098168863,0.7134978266771028,0.0059890052097547955,0.6432997765899428,悲观,,,-578811.5526621437,-594211.3076310913,-578811.5526621437,132514.6870444808,1
0.1095624674424181,0.657874399879455,0.011983870304843228,0.6771766945973928,中性,,,32595.95817459093,17196.203205643356,32595.95817459093,132514.6870444808,1
0.15406709494238768,0.731361857744691,0.0131980970882676,0.6358925110965005,悲观,,,-488708.0910060341,-504107.84597498167,-488708.0910060341,132514.6870444808,1
0.08084572006258664,0.8315958625799877,0.029770244138778053,0.9714104700229316,中性,,,69003.3085627741,367266.8727638971,-484594.1406068102,265029.3740889616,2
0.2127295423111737,0.7254995765686022,0.024348485965941406,0.9059026751730594,乐观,0.7312353433958827,18.0,245471.60029248364,137003.6138601506,-548760.9417145897,397544.06113344233,3
0.3582018308787538,0.754243819574071,0.02417188920267994,0.9225594915183515,中性,,,-168447.08470412414,-183846.83967307172,-168447.08470412414,132514.6870444808,1
0.37169689760246,0.6726419606335173,0.02985672947908207,0.9080362872635478,悲观,,,-515399.15904202155,-530798.9140109691,-515399.15904202155,132514.6870444808,1
0.26249185924200025,0.6582030586227825,0.02425467373610457,0.9196891686636222,中性,,,10792.351735290722,-4607.4032336568525,10792.351735290722,132514.6870444808,1
0.3427441567666282,0.6734919872515663,0.01189809605102033,0.7656710086370682,悲观,,,-534716.0260230185,-550115.7809919661,-534716.0260230185,132514.6870444808,1
0.17928643502846647,0.7136512294670159,0.014818375302543825,0.7700410527969226,乐观,0.25792324907974185,24.0,210020.85552312003,150416.78054533937,-188529.27845520142,265029.3740889616,2
0.10813638821105563,0.8644983508919053,0.01564927412032123,0.7311230882775944,中性,,,8724.754774494068,-6675.000194453507,8724.754774494068,132514.6870444808,1
0.16709731454513588,0.711769355133235,0.017566983119901673,0.6607206932315325,中性,,,-83814.85650657662,-99214.61147552419,-83814.85650657662,132514.6870444808,1
0.22631608774963624,0.7492179786535661,0.025597809026269912,0.7026887046140665,乐观,,,79363.57757088929,63963.82260194172,79363.57757088929,132514.6870444808,1
0.31388880834054056,0.8822223262393933,0.025953413870757603,0.656841570340657,中性,,,-313803.0199929003,-329202.77496184787,-313803.0199929003,132514.6870444808,1
0.0679914084783143,0.8463745646305418,0.019604053729582398,0.7053797257427623,乐观,0.42457086711400205,25.0,181486.42443447266,381847.0484974745,-870902.6362332847,397544.06113344233,3
0.04607442132570427,0.7853269768331154,0.023026013866668135,0.6235394149329727,中性,,,17908.133821359253,2508.378852411679,17908.133821359253,132514.6870444808,1
0.32636048618523766,0.6662065554603328,0.017806074277665677,0.703422871259496,中性,,,-243708.29135862,-259108.04632756757,-243708.29135862,132514.6870444808,1
0.04747094683153796,0.8748923433609217,0.027368214542868294,0.6743897679502836,中性,,,32797.90259659494,17398.147627647366,32797.90259659494,132514.6870444808,1
0.23505398986121723,0.8223349607922201,0.016066400379006453,0.66251652878439,悲观,,,-528574.0493307097,-543973.8042996573,-528574.0493307097,132514.6870444808,1
0.39990613476573755,0.759284509146437,0.026813293728712453,0.7929504018516458,乐观,,,-100887.88243701583,-116287.6374059634,-100887.88243701583,132514.6870444808,1
0.03510375310862024,0.6773646059202922,0.028240804693105605,0.978997218017914,中性,0.15026046793141545,26.0,193863.97038450994,710774.4592699565,-309585.9095567819,265029.3740889616,2
0.14206595479754874,0.758588056360342,0.015404042001682269,0.6760180863838386,乐观,,,74953.81533911567,-51771.19384053722,-574557.6491170627,265029.3740889616,2
0.1013230402822575,0.8192653782746364,0.006678891943374322,0.6155005326113717,中性,,,-78645.9325162174,-94045.68748516498,-78645.9325162174,132514.6870444808,1
0.13560634302930416,0.8073102542528003,0.007350530054220759,0.9799405519663453,中性,,,72222.15452466934,197954.66592122137,-545952.0702071772,265029.3740889616,2
0.3505068932103197,0.6827529329706826,0.013004024222321733,0.7473376656825377,中性,,,-247959.626763966,-263359.38173291355,-247959.626763966,132514.6870444808,1
0.11874739420296572,0.6645513781254573,0.014221959518436769,0.7018197258509129,中性,,,42688.78842816879,27289.033459221213,42688.78842816879,132514.6870444808,1
0.0787838170480105,0.7128551298955366,0.020673808510806718,0.7552615338312261,中性,,,144533.50054827807,129133.7455793305,144533.50054827807,132514.6870444808,1
0.21356225308894916,0.8352465298025422,0.01447169890869893,0.8350077970223362,乐观,,,119042.90043212456,-7082.79346918143,-315171.93550378614,265029.3740889616,2
0.2087920456472203,0.8683514183642107,0.02484181560641067,0.6234874726600599,中性,,,-220105.18476966792,-235504.9397386155,-220105.18476966792,132514.6870444808,1
0.2793273631474353,0.886810858987568,0.016459407279037813,0.6371141816506958,中性,,,-292349.8526957516,-307749.60766469914,-292349.8526957516,132514.6870444808,1
0.05062551684958412,0.8303646944670544,0.017691924936544444,0.8893725473509146,乐观,1.537252298147338,16.0,544876.0674250051,1327236.9046437256,-731413.1007269402,530058.7481779231,4
0.25157920686511087,0.7969854390207636,0.02386425738599078,0.936982000581067,乐观,0.3147274633646615,20.0,212197.23699388502,108859.9672171682,-131507.2390585334,265029.3740889616,2
0.014572078273153322,0.7834856712314695,0.010406732744938786,0.9441383563127134,中性,0.06431263178849544,27.0,158689.3562489723,688432.8530431697,-361642.9814890197,265029.3740889616,2
0.16808899161297527,0.6951450147491244,0.013475590647995663,0.8815110778160897,悲观,,,-401634.7149580093,-417034.46992695687,-401634.7149580093,132514.6870444808,1
0.0374331781353491,0.8631269019746123,0.024105258739502918,0.679917972263253,中性,,,58549.40552640068,43149.650557453104,58549.40552640068,132514.6870444808,1
0.3888280708523543,0.8199642768221882,0.02026305010534562,0.7230513941696521,中性,,,-337131.26459419046,-352531.019563138,-337131.26459419046,132514.6870444808,1
0.015809447476092187,0.8248356480564636,0.0060793806264221135,0.6019429351109116,中性,,,17745.573439354688,2345.8184704071136,17745.573439354688,132514.6870444808,1
0.37954950285965017,0.8315607314545546,0.016791004765609466,0.7944180998243492,中性,,,-291310.8591430384,-306710.61411198595,-291310.8591430384,132514.6870444808,1
0.12985746684413346,0.7752114114046017,0.015778773928527876,0.8392671520163099,乐观,0.9105819061293694,18.0,240251.33108993765,423729.6861620536,-1156251.3967222206,530058.7481779231,4
0.39800376692952416,0.6688983895719002,0.014617086816533533,0.6722824783067237,中性,,,-343950.07682634663,-359349.8317952942,-343950.07682634663,132514.6870444808,1
0.1149892074193692,0.6918889115904292,0.02410190133553226,0.7985154971316943,乐观,0.9650675960553097,18.0,263028.1801543464,539827.8453473733,-1100017.4551913845,530058.7481779231,4
0.013036977298805798,0.6660747231516776,0.015081839573258603,0.6321109281616148,中性,,,121813.69133050024,106413.93636155267,121813.69133050024,132514.6870444808,1
0.39441189723064946,0.7001503057963074,0.009952943535302267,0.8294562675182836,中性,,,-257578.43774891866,-272978.1927178662,-257578.43774891866,132514.6870444808,1
0.23217531888113793,0.7404164667700512,0.025669058997373675,0.6554322205769851,中性,,,-182765.44544316462,-198165.2004121122,-182765.44544316462,132514.6870444808,1
0.2759047393776348,0.8583767456678959,0.014239290158918942,0.8270982396375011,悲观,,,-506836.8555614149,-522236.61053036246,-506836.8555614149,132514.6870444808,1
0.06812763524473157,0.6665931589918674,0.02319702229996305,0.7152239874888563,中性,,,135456.7362914298,120056.98132248224,135456.7362914298,132514.6870444808,1
0.026559311617309823,0.8570114720979981,0.02588825495277729,0.6355714972201131,悲观,,,-441859.81894042506,-457259.5739093726,-441859.81894042506,132514.6870444808,1
0.02251552519279647,0.8548712415552162,0.010867587226297394,0.8193093271432754,中性,,,88317.22733263414,486877.6971399299,-529856.9973992123,265029.3740889616,2
0.3182102104914408,0.767335592352961,0.01751652101653174,0.9956367757999609,悲观,,,-474692.97198911733,-490092.7269580649,-474692.97198911733,132514.6870444808,1
0.33228157549837256,0.6624199389449323,0.01694121923932427,0.9545339295732094,中性,,,-80888.4234880289,-96288.17845697647,-80888.4234880289,132514.6870444808,1
0.27408584774645317,0.7131961477415566,0.015464369784036355,0.7466324253996202,中性,,,-157383.2264081086,-172782.9813770562,-157383.2264081086,132514.6870444808,1
0.18489117205746727,0.7284556044504775,0.012637015309279251,0.7003411566620489,中性,,,-76771.39458794557,-92171.14955689314,-76771.39458794557,132514.6870444808,1
0.059976591173624264,0.8593050324808578,0.02005298479583568,0.6535145702375421,中性,,,438.59536238766304,-14961.159606559911,438.59536238766304,132514.6870444808,1
0.3390665871991893,0.7070085612925422,0.008765014858431598,0.6034469028535008,悲观,,,-575809.6840943092,-591209.4390632568,-575809.6840943092,132514.6870444808,1
0.30490053932140465,0.8869247196900065,0.006122008061906915,0.899228383631957,悲观,,,-507726.85561297805,-523126.6105819256,-507726.85561297805,132514.6870444808,1
0.23685312996146674,0.8314580677827771,0.013980109931693442,0.6043738884442654,中性,,,-255021.62611180748,-270421.38108075503,-255021.62611180748,132514.6870444808,1
0.3964978512560111,0.711828181481239,0.009737281929680396,0.649570357101406,中性,,,-362837.36573836807,-378237.1207073156,-362837.36573836807,132514.6870444808,1
0.23857803974410935,0.8401450009208966,0.023826831840512742,0.9570165979180348,乐观,0.4447556473218828,20.0,144002.82994970286,-108196.24640400673,-753299.0952723002,397544.06113344233,3
0.09890683323177779,0.7834105771701827,0.012435298977339498,0.7319141518206009,乐观,0.5573978985778936,23.0,234583.62590360641,356439.8889799437,-733949.9044545812,397544.06113344233,3
0.2727583620268294,0.8839016991802654,0.015422813417968612,0.8149750293415906,中性,,,-162045.72447132482,-177445.4794402724,-162045.72447132482,132514.6870444808,1
0.04291482300949077,0.7068084786863849,0.018190909015112052,0.6269497220532024,乐观,0.4207753116729289,26.0,184401.68060693837,476595.86638991896,-885555.333342721,397544.06113344233,3
0.049537472777348324,0.6975153791400577,0.024133030598465912,0.6387738167157254,乐观,0.48738270046672794,25.0,214919.47267349728,492665.2351235123,-821565.5490674985,397544.06113344233,3
0.29028038828901426,0.6664690057061261,0.02229617653214132,0.8526514168685271,乐观,,,42918.125709310625,-157859.09770599095,-373553.077411879,265029.3740889616,2
0.33127914099573436,0.8224041351615572,0.0196544073817743,0.728985327432711,中性,,,-271360.4474102837,-286760.2023792313,-271360.4474102837,132514.6870444808,1
0.3827886338523118,0.7910052273269299,0.021608621710856347,0.7748512168799203,乐观,,,-101700.66561982894,-117100.42058877651,-101700.66561982894,132514.6870444808,1
0.39906695693545435,0.6884934377762567,0.010060131987594059,0.8157751034657558,中性,,,-268463.9293748672,-283863.68434381473,-268463.9293748672,132514.6870444808,1
0.22862791380268754,0.6617777714538255,0.015106911408261224,0.8331913048262243,中性,,,-4654.646011009172,-20054.400979956747,-4654.646011009172,132514.6870444808,1
0.26293358470734945,0.8228518469606393,0.021038680083521413,0.916097262155774,中性,,,-51808.38808299404,-67208.14305194162,-51808.38808299404,132514.6870444808,1
0.2150030650148818,0.7954871429330747,0.0075298341688333085,0.709262616290208,中性,,,-133019.43353846495,-148419.18850741253,-133019.43353846495,132514.6870444808,1
0.34919488616068284,0.8129723735091183,0.007260201961797439,0.8369099801777617,悲观,,,-534868.0109674804,-550267.765936428,-534868.0109674804,132514.6870444808,1
0.2936066239154892,0.8485858046020993,0.01983640681474933,0.8365450439006838,中性,,,-162739.51921705724,-178139.27418600483,-162739.51921705724,132514.6870444808,1
0.17850000846452377,0.857386004915683,0.023083008274178914,0.8079014638783373,中性,,,-22091.300263373858,-37491.055232321436,-22091.300263373858,132514.6870444808,1
0.020151895315421744,0.6843217763183325,0.009825629738484266,0.7493534173034699,乐观,1.334640549414118,17.0,486578.5653771324,1355186.4569532177,-826289.4593672255,530058.7481779231,4
0.20206135794349947,0.7063616391822155,0.0076437534365378515,0.7353222098411856,乐观,,,64473.08911288374,-115806.10205544006,-489124.3600567006,265029.3740889616,2
0.1533371173642032,0.8354013934453792,0.02506762440317197,0.6443283078794816,中性,,,-123373.44367084804,-138773.19863979562,-123373.44367084804,132514.6870444808,1
0.38363842534844433,0.7465131379768529,0.006273602225075557,0.9693210761031514,乐观,,,70561.91674987144,55162.16178092387,70561.91674987144,132514.6870444808,1
0.20885657888360074,0.7825407488825623,0.010293527569403122,0.9277803022178549,中性,,,61336.35081526122,45936.59584631365,61336.35081526122,132514.6870444808,1
0.013551118057022605,0.8139235895477595,0.02876240674506765,0.9316601961383001,中性,,,128191.6096748409,632075.9417428839,-392140.7280631511,265029.3740889616,2
0.02133003397333626,0.8756843390091633,0.028426568121992533,0.8129661278851478,中性,,,92482.86372062248,485331.439159135,-541437.9342060375,265029.3740889616,2
0.1850400242843233,0.7507436881037021,0.007986210898217508,0.6387011593444384,悲观,,,-504964.0156124675,-520363.77058141504,-504964.0156124675,132514.6870444808,1
0.33465629856261775,0.6849997521765632,0.010667466297867767,0.819445623728883,悲观,,,-518438.7482109158,-533838.5031798633,-518438.7482109158,132514.6870444808,1
0.06528267388711484,0.785195898007511,0.014202331774915387,0.8504637143361877,乐观,1.3358763937013252,16.0,440098.70434157783,1076200.8038479446,-836190.4638103675,530058.7481779231,4
0.06039725257402706,0.8692240783551354,0.027562249185572964,0.9316350333343612,中性,,,88258.99022197766,423769.3823331837,-497948.1162670778,265029.3740889616,2
0.24805866298621898,0.8034110383847604,0.022262388780445327,0.6065928802384628,乐观,,,-78416.71590565125,-93816.47087459882,-78416.71590565125,132514.6870444808,1
0.23424150458623194,0.8375518014565813,0.014432045976534077,0.6049588855663184,中性,,,-253494.9993240548,-268894.75429300236,-253494.9993240548,132514.6870444808,1
0.20287604772637158,0.7548774291947484,0.013492926354051919,0.6999304351238889,中性,,,-111002.6140653282,-126402.36903427578,-111002.6140653282,132514.6870444808,1
0.15011125587739765,0.8827836519319541,0.009323182694173286,0.7278662270508348,中性,,,-62018.98324414534,-77418.73821309292,-62018.98324414534,132514.6870444808,1
0.2173236704943828,0.7698272616737956,0.021093511635606826,0.9800007082296831,中性,,,94593.06690557583,79193.31193662826,94593.06690557583,132514.6870444808,1
0.2771086277019986,0.6560096487212441,0.011559711818340613,0.7854878911986372,悲观,,,-494526.2350693456,-509925.9900382932,-494526.2350693456,132514.6870444808,1
0.2470677842214556,0.81279454601641,0.023668292870951166,0.8066298019372049,中性,,,-105923.99956781146,-121323.75453675904,-105923.99956781146,132514.6870444808,1
0.1584261005113949,0.659900727801575,0.007498796394362826,0.8619983696805856,乐观,1.0187909695189155,17.0,247963.40643749182,364077.64632411447,-1078679.0518486456,530058.7481779231,4
0.0063212956653184715,0.7838200392383319,0.023775218822063945,0.9307099312055515,中性,0.06751501475136101,27.0,159979.5818958408,709462.9778495581,-360352.75584215124,265029.3740889616,2
0.24796639207364204,0.8172139868658929,0.026474156242335765,0.6489158148811275,乐观,,,-38849.38309829562,-54249.1380672432,-38849.38309829562,132514.6870444808,1
0.010406961420628004,0.8506879402298662,0.0069185106639924315,0.6778512846419689,悲观,,,-412556.8417945436,-427956.59676349116,-412556.8417945436,132514.6870444808,1
0.17810268221441627,0.7302462144121742,0.009149822787175684,0.7804360643215625,中性,,,5024.276675189234,-10375.47829375834,5024.276675189234,132514.6870444808,1
0.3070644130794966,0.8643512734568077,0.021314181294177045,0.6497641554906095,中性,,,-306403.61204429856,-321803.3670132461,-306403.61204429856,132514.6870444808,1
0.36532731873291197,0.6712962783218934,0.015171395984770662,0.9770018476933925,乐观,,,-11516.213503243547,-235718.14025352104,-373684.7850146282,265029.3740889616,2
0.164481270819557,0.8101752531437114,0.016418639958849974,0.9013842157745366,悲观,,,-411653.5893114811,-427053.34428042866,-411653.5893114811,132514.6870444808,1
0.05766285956854338,0.7974077128504639,0.01081380656107659,0.8664209197076593,中性,,,87818.95219905059,416585.8792710743,-514451.2336060342,265029.3740889616,2
0.3546582232511286,0.8466222525343967,0.017320945001719552,0.9091580348379431,中性,,,-200243.02648110208,-215642.78145004966,-200243.02648110208,132514.6870444808,1
0.19770391072474505,0.6973956924471868,0.026522154213024847,0.929227046627366,乐观,0.9684630105379934,16.0,206956.52565651535,136630.52212239575,-1135749.0119456514,530058.7481779231,4
0.3509907924897038,0.8803031028942787,0.010708405790798148,0.9727297163181262,中性,,,-170489.44397898024,-185889.19894792783,-170489.44397898024,132514.6870444808,1
0.16899803356726087,0.7844897350322896,0.013565058916256947,0.7154212027843808,悲观,,,-474755.5081818208,-490155.26315076835,-474755.5081818208,132514.6870444808,1
0.03297119578285073,0.769175575315325,0.027194041892847184,0.8520607877097539,中性,,,90134.47056529527,498154.8757805616,-479848.92581457057,265029.3740889616,2
0.17143716730036662,0.7614563903161261,0.010231933689298773,0.9291743508772389,悲观,,,-397910.68009070837,-413310.4350596559,-397910.68009070837,132514.6870444808,1
0.2866491026909252,0.8323964027590767,0.019371726050693355,0.9451705499819314,中性,,,-72557.99793801719,-87957.75290696476,-72557.99793801719,132514.6870444808,1
0.3526468884971453,0.825058510303833,0.024968745694044017,0.8658318838109256,乐观,,,5138.919729822068,-10260.835239125507,5138.919729822068,132514.6870444808,1
0.3972395450870544,0.7508390850859132,0.025347892092739258,0.8978319038072133,中性,,,-235809.33106615994,-251209.08603510752,-235809.33106615994,132514.6870444808,1
0.3707795998930048,0.7446622230974227,0.01913664790690594,0.6423769427963846,悲观,,,-581212.4127803581,-596612.1677493057,-581212.4127803581,132514.6870444808,1
0.33627846821350427,0.7451726534789234,0.014852102235381453,0.6983924072762481,中性,,,-276797.9208679302,-292197.6758368778,-276797.9208679302,132514.6870444808,1
0.322326784540249,0.8648393882656975,0.006752860801104597,0.8299282924960462,中性,,,-210734.57137339946,-226134.32634234705,-210734.57137339946,132514.6870444808,1
0.24571274018863135,0.7573461648579847,0.014966120521335377,0.7887522849717957,中性,,,-98453.7594577843,-113853.51442673187,-98453.7594577843,132514.6870444808,1
0.20039328441271073,0.7633146682449551,0.025445882748952018,0.8982591964951431,中性,,,59181.206117196656,43781.45114824908,59181.206117196656,132514.6870444808,1
0.3202308470061282,0.8548761605610801,0.008837305134354762,0.8330729846923035,中性,,,-202746.6068106143,-218146.36177956188,-202746.6068106143,132514.6870444808,1
0.295668928770689,0.707308479046084,0.021785088104325796,0.7020498624230536,中性,,,-216813.04999213113,-232212.8049610787,-216813.04999213113,132514.6870444808,1
0.37945858716647685,0.7415138092295444,0.026893462149080193,0.9947778324815578,乐观,,,-78254.55704989743,-375320.8790664149,-512469.39298580814,265029.3740889616,2
0.06634641188933714,0.8467179726884392,0.0058037348775140316,0.7573207534797232,乐观,0.761783485393166,21.0,226223.72817686442,657815.9013136965,-1292732.6884369988,530058.7481779231,4
0.2755008851039679,0.7778577025610908,0.014696600627065511,0.9249187785881144,中性,,,-48007.64312086639,-63407.39808981397,-48007.64312086639,132514.6870444808,1
0.18736212784626935,0.8641962409303183,0.01074870044546581,0.66815660366345,中性,,,-156052.74498043684,-171452.49994938442,-156052.74498043684,132514.6870444808,1
0.38879773708070814,0.7093415775936249,0.011241759473345662,0.655799539184876,乐观,,,-181396.64828265336,-196796.40325160095,-181396.64828265336,132514.6870444808,1
0.09055901616453364,0.7707628464139731,0.029771811950055113,0.6048563603688174,中性,,,-57912.89573743527,-73312.65070638285,-57912.89573743527,132514.6870444808,1
0.20491561708197834,0.8437873703384371,0.013882038488819425,0.7641365435596166,悲观,,,-486164.51248865196,-501564.2674575995,-486164.51248865196,132514.6870444808,1
0.2963260926543147,0.8383301382051556,0.008416583019470757,0.7573828295953287,乐观,,,-9390.550492195558,-24790.305461143133,-9390.550492195558,132514.6870444808,1
0.0010829094703148634,0.7217021769494317,0.01887605712631369,0.7336375438639813,中性,,,93720.40994155794,550421.3838470882,-524453.8147902886,265029.3740889616,2
0.18401499396128507,0.6935655459463265,0.018240631023987094,0.8826783685252904,中性,,,101443.70266736031,86043.94769841274,101443.70266736031,132514.6870444808,1
0.03724373234341236,0.8526580673997376,0.009374445937187205,0.9059248002444514,中性,,,93830.50650541887,495774.248461402,-476152.88987444696,265029.3740889616,2
0.31310453922244097,0.699505496817283,0.009666552592385745,0.7988103384869929,悲观,,,-514201.3462373297,-529601.1012062773,-514201.3462373297,132514.6870444808,1
0.09011893551293336,0.8237629405242436,0.025934586957635637,0.6323141455751241,乐观,,,168523.0997030644,153123.3447341168,168523.0997030644,132514.6870444808,1
0.31900688162127167,0.8587242309696717,0.022460713864471,0.8696612269175859,中性,,,-179534.94043926575,-194934.69540821333,-179534.94043926575,132514.6870444808,1
0.26111488979652603,0.8705863194959853,0.007513050035417711,0.7263057911384365,悲观,,,-528158.7992537628,-543558.5542227104,-528158.7992537628,132514.6870444808,1
0.3779220687776154,0.7568637118398531,0.02188361176690471,0.9364480258017286,乐观,,,49911.19138954065,34511.436420593076,49911.19138954065,132514.6870444808,1
0.0647129831169063,0.8418830253723749,0.02718557245341841,0.6195501507403502,乐观,,,91681.0947585324,116856.76566879121,-573266.6731922186,265029.3740889616,1
0.14189012847862012,0.8056632299529037,0.01785120490097162,0.7038969008346547,悲观,,,-467525.1717285814,-482924.926697529,-467525.1717285814,132514.6870444808,1
0.04677889323568332,0.6747974858500381,0.02094475100336444,0.7405643405598152,悲观,,,-374496.81123694597,-389896.5662058935,-374496.81123694597,132514.6870444808,1
0.27675403708236124,0.8148438957839521,0.018479207308924942,0.9739831267463404,中性,,,-29560.871358612254,-44960.62632755983,-29560.871358612254,132514.6870444808,1
0.3343451885077172,0.6680334579037271,0.023495777350962612,0.995378965532772,乐观,,20.0,113498.44074300506,-50151.95815913599,-211557.2988958574,265029.3740889616,2
0.23186588772402375,0.8004238554385186,0.01383223873592367,0.8717940873032415,乐观,0.11973798008521852,23.0,165353.12128372688,53361.63421124856,-215096.73286029766,265029.3740889616,2
0.39929139244714157,0.7681911000801039,0.006532601644336057,0.8383431802923941,悲观,,,-553287.8291185313,-568687.5840874789,-553287.8291185313,132514.6870444808,1
0.09790601742244404,0.728907178713377,0.023275746828710264,0.6735232495514002,悲观,,,-444031.81347367715,-459431.5684426247,-444031.81347367715,132514.6870444808,1
0.017985696999530988,0.8595775847249314,0.022337635608901518,0.6159785862470506,悲观,,,-446540.8729568187,-461940.6279257663,-446540.8729568187,132514.6870444808,1
0.22346971859002243,0.7178082563088106,0.019918158760798218,0.7738416702723862,乐观,,,73070.79439334002,-89888.49652339921,-396106.00797487074,265029.3740889616,2
0.11512360598454717,0.8129948884253344,0.00635135779046498,0.9823442136755701,乐观,1.5576053842511977,15.0,475089.41611010814,952684.2944912484,-764255.1068835007,530058.7481779231,4
0.29562985160656496,0.7616509931752575,0.010499835983181533,0.9250065360991859,中性,,,-74303.87776029954,-89703.63272924711,-74303.87776029954,132514.6870444808,1
0.08878161582437963,0.7582916705977438,0.016569973445419627,0.9305642199890837,中性,,,74544.22000263119,348658.6133457212,-495439.17637723463,265029.3740889616,2
0.25726701741602204,0.8059585814151868,0.011761751984561973,0.7486845039318136,悲观,,,-512028.2494509669,-527428.0044199144,-512028.2494509669,132514.6870444808,1
0.3147764543248495,0.7539195716407554,0.01595595892718934,0.6981425059734507,悲观,,,-546366.2106783747,-561765.9656473224,-546366.2106783747,132514.6870444808,1
0.23512877182761172,0.7058127236488823,0.00660522128913661,0.9070029663923593,中性,,,30214.724440939903,14814.969471992328,30214.724440939903,132514.6870444808,1
0.1520942335597218,0.7535163875637899,0.025376120585202343,0.7283347583759269,乐观,0.11522062369189223,29.0,166783.63397938455,114076.43877677576,-284999.15523842815,265029.3740889616,2
0.3758179363118173,0.8086083670219519,0.015792027029425615,0.8991158892586659,中性,,,-222585.31772964215,-237985.07269858973,-222585.31772964215,132514.6870444808,1
0.16577090844325634,0.776067959257444,0.012943058370232345,0.6417000865120005,中性,,,-121106.3591373575,-136506.1141063051,-121106.3591373575,132514.6870444808,1
0.049542752451720774,0.7485059536533072,0.018923343030336257,0.9722844724822587,悲观,,,-284146.08688658185,-299545.8418555294,-284146.08688658185,132514.6870444808,1
0.24858336260077768,0.7598564447960185,0.0055065282051034795,0.6998192703754882,悲观,,,-516570.26106088964,-531970.0160298372,-516570.26106088964,132514.6870444808,1
0.0867176582925779,0.7158968584306203,0.015032658384554906,0.8116157573955561,悲观,,,-376775.49669896474,-392175.2516679123,-376775.49669896474,132514.6870444808,1
0.06474774425149632,0.6724559325461121,0.018741834981568593,0.731629948160508,中性,,,157551.30831616593,142151.55334721835,157551.30831616593,132514.6870444808,1
0.08872932086987113,0.6558150449810204,0.02853417253175617,0.6433232484755976,悲观,,,-441814.40156920557,-457214.1565381531,-441814.40156920557,132514.6870444808,1
0.0586187306040562,0.8855063657583855,0.0204415060042499,0.8441159806815403,乐观,1.0993891384731862,18.0,346483.5782563576,931434.613948322,-983952.3997699023,530058.7481779231,4
0.03537550770986191,0.8838802142101494,0.010100328663851021,0.8492286014248142,中性,,,81223.47655936735,441964.0450946365,-536950.7481724791,265029.3740889616,2
0.1535807253908713,0.8734983988350711,0.008730693211006411,0.9988276044304975,中性,,,172560.2655477212,157160.51057877362,172560.2655477212,132514.6870444808,1
0.2595099615554218,0.8822976155560065,0.00644002625947437,0.9691457451700762,中性,,,-33919.67937564865,-49319.43434459623,-33919.67937564865,132514.6870444808,1
0.2817587515909809,0.6858042041327236,0.018334685770775804,0.8694054858900975,中性,,,-67549.21730611267,-82948.97227506024,-67549.21730611267,132514.6870444808,1
0.06199407124242269,0.7085885780205384,0.02635981977483746,0.6137883971331051,中性,,,13467.581353613656,-1932.1736153339189,13467.581353613656,132514.6870444808,1
0.3997560146058108,0.6517959190656241,0.009026142070498497,0.8696577203572537,悲观,,,-536571.595188907,-551971.3501578546,-536571.595188907,132514.6870444808,1
0.23591599354234358,0.8141600248546534,0.019703658702851755,0.7460738812084269,中性,,,-137796.36137150053,-153196.11634044812,-137796.36137150053,132514.6870444808,1
0.2377177712055282,0.6998329213025407,0.019078388589627744,0.952762886855571,中性,,,64734.0126095071,49334.25764055953,64734.0126095071,132514.6870444808,1
0.18871660295753886,0.7271801846886683,0.0071471552359393216,0.6978508531036115,悲观,,,-483656.43737158115,-499056.1923405287,-483656.43737158115,132514.6870444808,1
0.3946503670099858,0.7033957405108976,0.025371898567134316,0.6674579527219914,中性,,,-349469.69181347,-364869.44678241754,-349469.69181347,132514.6870444808,1
0.1673109276913467,0.7278573593939852,0.024958770318996525,0.9830773632061692,乐观,1.3456992830289964,15.0,334870.0774352321,531753.0295508693,-904474.4455583767,530058.7481779231,4
0.06143114677910262,0.8364052823238297,0.008698672832617785,0.9653524426248405,中性,,,98820.85128472185,461677.62571059435,-454776.59788486245,265029.3740889616,2
0.1345524352226827,0.6876861193602063,0.005295227204475115,0.6991787966643539,乐观,0.23829854927307825,27.0,209261.24062082532,191915.77423881576,-224953.59531508537,265029.3740889616,2
0.318904876908891,0.8827504898601727,0.007519038028034326,0.8368714974022677,中性,,,-208118.9991290705,-223518.75409801808,-208118.9991290705,132514.6870444808,1
0.21717668230896298,0.7269091725352292,0.012086638756083937,0.829538120809839,悲观,,,-455563.90620849223,-470963.6611774398,-455563.90620849223,132514.6870444808,1
0.18765337478884675,0.8061949436105684,0.008204551829570101,0.9722377083507616,中性,,,124348.92201085508,108949.16704190751,124348.92201085508,132514.6870444808,1
0.32781118875373694,0.8069373033490552,0.02275002353056364,0.8864523763971353,乐观,,,71573.14249051565,56173.387521568075,71573.14249051565,132514.6870444808,1
0.24544217401876967,0.7167721164131335,0.007487741071636429,0.8425002477800566,悲观,,,-466822.8389413744,-482222.59391032194,-466822.8389413744,132514.6870444808,1
0.09651738067581209,0.6645697243044588,0.018722189725164175,0.6641352499771472,中性,,,35650.723734197265,20250.96876524969,35650.723734197265,132514.6870444808,1
0.31634605234530705,0.847251372985247,0.012738587703440685,0.8195818130777984,中性,,,-203675.11984175522,-219074.8748107028,-203675.11984175522,132514.6870444808,1
0.18915487286166666,0.8072273339419436,0.010252178095588338,0.9916972958347177,悲观,,,-397490.8475563135,-412890.60252526106,-397490.8475563135,132514.6870444808,1
0.3316884564812477,0.7925830368682851,0.011121368679842897,0.89827000026412,悲观,,,-509425.2565603244,-524825.011529272,-509425.2565603244,132514.6870444808,1
0.30976713377951326,0.7915964533383233,0.00776875795991004,0.6318022252369481,乐观,,,-128246.50495815853,-143646.25992710612,-128246.50495815853,132514.6870444808,1
0.11717436260153487,0.8634324441841312,0.0240518255257544,0.8792760978870864,中性,,,135238.1994515402,119838.44448259262,135238.1994515402,132514.6870444808,1
0.2835778076086472,0.8775554442835601,0.007288995859264223,0.7304650568014264,悲观,,,-537951.3949979459,-553351.1499668935,-537951.3949979459,132514.6870444808,1
0.15730005376026668,0.8281598371649471,0.016856064535634662,0.8282922424480985,中性,,,40935.14171913094,25535.386750183363,40935.14171913094,132514.6870444808,1
0.056515706834840224,0.7140640757450549,0.026492007531049674,0.8409667848613642,中性,,,82649.60266873245,421578.52055300114,-503557.503820323,265029.3740889616,2
0.31596239269423504,0.6654697837891781,0.011347277198059641,0.6920412616229357,乐观,,,-36876.94263645632,-52276.6976054039,-36876.94263645632,132514.6870444808,1
0.2824394329571041,0.798268624733253,0.005124624132361822,0.673724000835943,中性,,,-245228.21409582684,-260627.96906477443,-245228.21409582684,132514.6870444808,1
0.1518877305926663,0.8718272920829746,0.02411810547854395,0.778953629121648,中性,,,-14252.009805883608,-29651.764774831183,-14252.009805883608,132514.6870444808,1
0.39016172953048867,0.760635397928353,0.021063147197213333,0.967465846024518,悲观,,,-521382.37990578456,-536782.1348747321,-521382.37990578456,132514.6870444808,1
0.35462316546651135,0.6734107296255158,0.021211204264691162,0.9131352620223138,中性,,,-146017.46730818378,-161417.22227713137,-146017.46730818378,132514.6870444808,1
0.19821392166101723,0.7981633039821647,0.008791592719486114,0.6862282841320874,中性,,,-131131.50703160325,-146531.26200055084,-131131.50703160325,132514.6870444808,1
0.23911173625201526,0.7560562576988169,0.011111896062145988,0.953123732857832,中性,,,40912.9298328283,25513.174863880722,40912.9298328283,132514.6870444808,1
0.17841268769195648,0.7483282583717588,0.009548573881918817,0.8926508061720932,中性,,,98000.33141964878,82600.5764507012,98000.33141964878,132514.6870444808,1
0.006502843957087379,0.8813632885663513,0.025394090289885343,0.8894237416367212,乐观,1.6680914534839468,16.0,656561.3165534354,1727279.613065192,-601806.7824556417,530058.7481779231,4
0.36272290144222014,0.7309975295322653,0.020273966960417465,0.8435231236822377,中性,,,-215823.95070997268,-231223.70567892026,-215823.95070997268,132514.6870444808,1
0.08878090057882689,0.6773377411565653,0.02148285489791132,0.9123675964123119,乐观,1.7703525321290412,14.0,595350.7500127727,1260495.8108753802,-643993.7729808361,530058.7481779231,4
0.12651015087398973,0.6992623641116485,0.016340354461365548,0.8187253840962042,乐观,0.9707715383826849,18.0,256785.6518297686,486228.59514588985,-1106259.9835159623,530058.7481779231,4
0.3499292617096217,0.8698539995124387,0.02625655962839949,0.9858324817745245,中性,,,-157593.9967488195,-172993.7517177671,-157593.9967488195,132514.6870444808,1
0.01898939897323775,0.6700548877156348,0.01475690354430858,0.7030748365091989,悲观,,,-373357.0135991727,-388756.76856812026,-373357.0135991727,132514.6870444808,1
0.38128150980345943,0.6969007012185494,0.028984481807880776,0.9043355361284828,中性,,,-196363.51869418254,-211763.27366313012,-196363.51869418254,132514.6870444808,1
0.2704075840357513,0.7295538376781898,0.021160675951457052,0.6746768473125061,乐观,,,-9681.630764690468,-25081.385733638042,-9681.630764690468,132514.6870444808,1
0.12071733598423742,0.7112447629504501,0.022779069954853938,0.8625794872264727,中性,,,97092.05447855091,220671.791515393,-567855.7134722001,265029.3740889616,1
0.25297849387631455,0.6882783372226055,0.021833207685048876,0.7082442780780775,中性,,,-151994.13666498242,-167393.89163393,-151994.13666498242,132514.6870444808,1
0.06487197397751383,0.7297705124086795,0.013281276507783202,0.7816716046809077,悲观,,,-377329.14060308354,-392728.8955720311,-377329.14060308354,132514.6870444808,1
0.07720301446350653,0.7800172571991748,0.008221935116761878,0.875558803195534,乐观,1.4012218186231675,16.0,455891.0754355624,1059481.044730328,-820398.0927163829,530058.7481779231,4
0.1707182486657513,0.8662652751561625,0.007457914778146611,0.6171830509502578,中性,,,-180591.8998772835,-195991.65484623107,-180591.8998772835,132514.6870444808,1
0.30440862919259865,0.8523339778317803,0.006420441959999535,0.9107628219827322,中性,,,-130346.22617651123,-145745.98114545882,-130346.22617651123,132514.6870444808,1
0.12133505307287945,0.6915257411223913,0.029900393877563176,0.6254654357275454,乐观,,,172458.81199305394,157059.05702410635,172458.81199305394,132514.6870444808,1
0.255797774196211,0.8264193066228481,0.02279292799804491,0.943373794029273,悲观,,,-459300.9311848785,-474700.6861538261,-459300.9311848785,132514.6870444808,1
0.00032984673387415064,0.7936468373703839,0.01384646598308335,0.6495149324468551,悲观,,,-409294.1911376641,-424693.94610661163,-409294.1911376641,132514.6870444808,1
0.13269972498368918,0.6668560090128088,0.006422830053211271,0.9664105019329776,中性,,,67608.84087183783,245685.23364806687,-502374.555508028,265029.3740889616,2
0.392892278989434,0.881448081999296,0.008564282058177844,0.8859697211584763,中性,,,-273078.2387073998,-288477.99367634737,-273078.2387073998,132514.6870444808,1
0.27625882924206147,0.6730858400034739,0.009714001965863951,0.6306554645803526,中性,,,-238496.39339998673,-253896.14836893431,-238496.39339998673,132514.6870444808,1
0.39463643033963647,0.8112762890379059,0.02276903837554824,0.9938340166173124,中性,,,-197907.9641949993,-213307.7191639469,-197907.9641949993,132514.6870444808,1
0.01607262905138813,0.8580813442055835,0.014116957259469907,0.6017454486058861,中性,,,2806.016123993926,-12593.738844953648,2806.016123993926,132514.6870444808,1
0.3748060003505055,0.711759364926796,0.017287829326320996,0.6695107551129563,悲观,,,-574227.0604050219,-589626.8153739695,-574227.0604050219,132514.6870444808,1
0.03221797868524528,0.8244826174307254,0.026601861768553725,0.6573195357009964,中性,,,58837.32129388528,43437.56632493771,58837.32129388528,132514.6870444808,1
0.07801178705793094,0.6564453864623427,0.018835784247174588,0.879968868055059,中性,,,90572.25848814799,401146.19579386484,-479411.13789171784,265029.3740889616,2
0.15522141892089905,0.7832024590255773,0.007352482665905617,0.6617214874890738,乐观,,,126895.33943719973,111495.58446825216,126895.33943719973,132514.6870444808,1
0.30460309912795874,0.8714573829980402,0.02791700711248418,0.8597570468430962,乐观,,,55353.754051938406,39953.999082990835,55353.754051938406,132514.6870444808,1
0.1666816412329853,0.6508678987483858,0.006564277896153985,0.6437949302803261,悲观,,,-482837.35477148363,-498237.1097404312,-482837.35477148363,132514.6870444808,1
0.14068095634010538,0.8183049937062459,0.024766220165012374,0.8360853097378499,悲观,,,-420906.5719113111,-436306.3268802587,-420906.5719113111,132514.6870444808,1
0.29916064085927013,0.7351524605930237,0.005324833716794907,0.7122354482130997,中性,,,-220988.12182106136,-236387.87679000894,-220988.12182106136,132514.6870444808,1
0.10969821408724117,0.8448488367650205,0.023998159939852257,0.8782208121650565,悲观,,,-390233.575092168,-405633.33006111556,-390233.575092168,132514.6870444808,1
0.3231335638825128,0.8125222307991977,0.009870942162034796,0.8592375721126065,中性,,,-176232.23695355933,-191631.99192250692,-176232.23695355933,132514.6870444808,1
0.17574002474249004,0.6769095592333734,0.017957606896129134,0.6399727235889454,悲观,,,-491665.8539423615,-507065.60891130904,-491665.8539423615,132514.6870444808,1
0.05301852570990509,0.8789859869768019,0.012121617261097251,0.7420817294384031,中性,,,94159.19482249362,78759.43985354605,94159.19482249362,132514.6870444808,1
0.3593001780712575,0.7851118187203733,0.02797899747333279,0.7199699623311582,悲观,,,-562805.6223048896,-578205.3772738372,-562805.6223048896,132514.6870444808,1
0.22248738108966984,0.7329288780296043,0.025047670837268707,0.9517693635646635,中性,,,77894.63280194602,62494.87783299845,77894.63280194602,132514.6870444808,1
0.38854360963420337,0.7827231215226574,0.01177300983465781,0.7955902061377098,悲观,,,-558649.6237562964,-574049.378725244,-558649.6237562964,132514.6870444808,1
0.321600464105227,0.674344412205061,0.012718712212575124,0.8261266188019774,悲观,,,-508901.97323888534,-524301.7282078329,-508901.97323888534,132514.6870444808,1
0.0317267596725793,0.8170679258271231,0.006794427326519218,0.7908331464989506,中性,,,82975.63242100962,440452.62619979866,-550945.1655056505,265029.3740889616,2
0.0912317631825666,0.6953069354872797,0.024085282343314484,0.980616877260113,悲观,,,-304019.0438426709,-319418.7988116185,-304019.0438426709,132514.6870444808,1
0.3838724876696508,0.7927430008340249,0.021041510134081426,0.8839705512570327,中性,,,-237056.68917039828,-252456.44413934587,-237056.68917039828,132514.6870444808,1
0.32792444327427533,0.7660324763234474,0.018333964687867528,0.7295308009853664,悲观,,,-545439.4588622007,-560839.2138311483,-545439.4588622007,132514.6870444808,1
0.26585607637048764,0.6580663926047002,0.011890876277084206,0.6376919457784401,悲观,,,-532889.2649811193,-548289.0199500669,-532889.2649811193,132514.6870444808,1
0.25549236515895235,0.8008343912491804,0.0155263728248928,0.6360687905957965,中性,,,-242733.12125138944,-258132.87622033703,-242733.12125138944,132514.6870444808,1
0.14109794874331735,0.822910196685428,0.019475665204976293,0.7966263069347996,中性,,,39934.198704351205,24534.44373540363,39934.198704351205,132514.6870444808,1
0.38651875490416754,0.8315106132088281,0.017424489011503196,0.791689045155591,悲观,,,-563236.3839743836,-578636.1389433312,-563236.3839743836,132514.6870444808,1
0.3770037053279227,0.7266017532241591,0.011398477047018594,0.9997635701550686,中性,,,-142705.4452577087,-158105.20022665628,-142705.4452577087,132514.6870444808,1
0.018945509319715195,0.6648525144861384,0.005637539099004947,0.8398475598051476,悲观,,,-304137.9312427345,-319537.68621168204,-304137.9312427345,132514.6870444808,1
0.3733553427379723,0.8748575696054427,0.018651351668701993,0.8466555725583803,中性,,,-267943.00724831567,-283342.7622172632,-267943.00724831567,132514.6870444808,1
0.02558901696330933,0.8269905068460357,0.007544649718725436,0.6342230564073572,中性,,,40794.364667761736,25394.60969881416,40794.364667761736,132514.6870444808,1
0.004986263935152824,0.7541685477815159,0.022692022752001918,0.9205395725687756,中性,0.08673385025416946,27.0,168382.10995313866,728789.5730932491,-351950.2277848533,265029.3740889616,2
0.33874968124556504,0.7475605289041065,0.026219302126511915,0.8025893241993517,悲观,,,-530873.5315062635,-546273.2864752111,-530873.5315062635,132514.6870444808,1
0.3776582586641864,0.715993009720908,0.005655037104694827,0.6970696171820108,中性,,,-317156.08452770085,-332555.8394966484,-317156.08452770085,132514.6870444808,1
0.14053987331570564,0.7759202022664572,0.027078172050898085,0.7169352908438796,中性,,,-14910.284143574027,-30310.0391125216,-14910.284143574027,132514.6870444808,1
0.13605558147539173,0.8472255342495681,0.00894003783221196,0.6414041073240234,中性,,,-108231.47444245397,-123631.22941140154,-108231.47444245397,132514.6870444808,1
0.2687550343061968,0.840926048261784,0.01974062132263291,0.9095399045276003,中性,,,-73013.08225101192,-88412.83721995949,-73013.08225101192,132514.6870444808,1
0.01314706810658759,0.6778638338963736,0.005968065030724904,0.7315774601905971,中性,,,89960.29117800895,513004.5539842386,-528213.9335538375,265029.3740889616,2
0.14252699346277575,0.7845438740159342,0.01701522871231969,0.8711771207455761,中性,,,123659.84745766717,108260.0924887196,123659.84745766717,132514.6870444808,1
0.12722565884347178,0.733091469286662,0.01962869554103258,0.8385729871563368,中性,,,141216.28620557376,125816.5312366262,141216.28620557376,132514.6870444808,1
0.13212715431017008,0.8165708031646753,0.021185270571901737,0.6540203218719098,中性,,,-79468.66112470746,-94868.41609365503,-79468.66112470746,132514.6870444808,1
0.35708243148423613,0.658713362265074,0.02637909866210534,0.6652712628256574,中性,,,-302660.25099308457,-318060.0059620321,-302660.25099308457,132514.6870444808,1
0.1697345715692046,0.6524310409619501,0.027884923427240797,0.7819700909337223,乐观,0.6125823987061885,20.0,230221.96891440867,169537.60885867386,-668994.2450841763,397544.06113344233,3
0.11469756039168716,0.8579061856198333,0.028059739349890762,0.8227329665483123,悲观,,,-417008.3357219673,-432408.09069091483,-417008.3357219673,132514.6870444808,1
0.274098972842288,0.7817547359670705,0.028613241646315644,0.7757088247241968,中性,,,-156329.15318705834,-171728.90815600593,-156329.15318705834,132514.6870444808,1
0.05531480059764285,0.8176720564848031,0.029352740474514555,0.6113375082285594,中性,,,-21610.91867614403,-37010.67364509161,-21610.91867614403,132514.6870444808,1
0.3707721450238667,0.6679475682145639,0.007754251127653329,0.8767828393798834,中性,,,-190636.21916524903,-206035.97413419661,-190636.21916524903,132514.6870444808,1
0.02753096612649828,0.8502614605162776,0.01808559619612231,0.962878949334645,乐观,2.0230001059856404,14.0,795598.223621788,1866629.0320515751,-424532.48759619775,530058.7481779231,4
0.32500310762006634,0.7738157350986612,0.011292766043735806,0.8023902015644531,悲观,,,-527055.2191031268,-542454.9740720744,-527055.2191031268,132514.6870444808,1
0.2635384593893705,0.6821545326149618,0.017779324062518077,0.6217527896667271,中性,,,-232726.52368044306,-248126.27864939065,-232726.52368044306,132514.6870444808,1
0.09283218426791513,0.798807570250801,0.024669667800562716,0.6229211818162105,乐观,,,164138.67280149338,148738.9178325458,164138.67280149338,132514.6870444808,1
0.3443070779818418,0.7321445778291255,0.021475101649258053,0.7610452126813798,悲观,,,-541924.8962403823,-557324.65120933,-541924.8962403823,132514.6870444808,1
0.21146496742524415,0.6707263218803832,0.026961803884899695,0.9697159037638434,乐观,1.04205067943249,15.0,199115.55646116173,130469.72106590947,-1074535.9828855968,530058.7481779231,4
0.22501124830239144,0.7838236618701092,0.029615184415023244,0.6991606759324731,悲观,,,-508308.31383922935,-523708.0688081769,-508308.31383922935,132514.6870444808,1
0.2247763694404711,0.7289085434744248,0.013058469320201105,0.6028341416679792,中性,,,-214638.3758302634,-230038.13079921098,-214638.3758302634,132514.6870444808,1
0.10561348091024564,0.6950860515662435,0.006010798284825093,0.7457446305902445,乐观,0.7773239630833146,20.0,211271.63697551907,453711.4736163493,-1289403.4970057043,530058.7481779231,4
0.13466832303894893,0.8129778104287025,0.023913674085047684,0.7312403236760798,乐观,0.12155999219703251,30.0,169076.78810586774,135827.71716839093,-300100.014262343,265029.3740889616,2
0.27675186386677963,0.7842181348882284,0.005024811601265723,0.6140363063691232,乐观,,,-100885.05789962091,-116284.81286856848,-100885.05789962091,132514.6870444808,1
0.3129135694014238,0.8750156621055073,0.027557580122950686,0.6081771932571003,乐观,,,-182779.9712010351,-198179.7261699827,-182779.9712010351,132514.6870444808,1
0.18045829760446186,0.8394939689601574,0.005167894604084629,0.7152797204802257,乐观,,,124309.97521509056,108910.22024614298,124309.97521509056,132514.6870444808,1
0.31720831544063594,0.7987315042915097,0.012531404736156593,0.7241450365151452,乐观,,,-54711.48990748751,-70111.24487643508,-54711.48990748751,132514.6870444808,1
0.17568487169368183,0.7573101320585209,0.018808318756017486,0.7638009347457555,中性,,,-16152.812059896554,-31552.56702884413,-16152.812059896554,132514.6870444808,1
0.17293416910702317,0.8484115807045248,0.027726275494957098,0.9728441039261446,中性,,,129934.91019658372,114535.15522763615,129934.91019658372,132514.6870444808,1
0.17685942298579815,0.8192576141100412,0.025958089782397664,0.8251928968265508,中性,,,11465.37588520554,-3934.3790837420347,11465.37588520554,132514.6870444808,1
0.29989174028849924,0.8123345064121488,0.023653338893232737,0.6834581330223993,中性,,,-262309.67883325455,-277709.4338022021,-262309.67883325455,132514.6870444808,1
0.2353074218420349,0.6505947034056856,0.026399062720342047,0.8440098033779648,悲观,,,-451912.90437319636,-467312.6593421439,-451912.90437319636,132514.6870444808,1
0.3265428290303309,0.8220936719457307,0.023957488586590924,0.7568169847447425,乐观,,,-47796.577098698785,-63196.33206764636,-47796.577098698785,132514.6870444808,1
0.1656110328529449,0.786922196706942,0.005016057592496843,0.8579492458711448,中性,,,72302.75076863711,56902.99579968954,72302.75076863711,132514.6870444808,1
0.22684374619551695,0.7691741160904679,0.025248411842792706,0.8725490868660968,中性,,,-7320.463116678569,-22720.218085626144,-7320.463116678569,132514.6870444808,1
0.3836293352319944,0.8197441266068818,0.029698473222810613,0.9885045265075474,乐观,,,54005.1334674263,38605.37849847872,54005.1334674263,132514.6870444808,1
0.30214861649012303,0.7962630484392722,0.009304266592073104,0.8173405669695031,乐观,,,55970.506464761565,40570.751495813995,55970.506464761565,132514.6870444808,1
0.20834286348222714,0.8583773908173579,0.007741397479792456,0.7523761392194537,中性,,,-111428.62355779114,-126828.37852673871,-111428.62355779114,132514.6870444808,1
0.17293011834764324,0.6760607714771728,0.008838207351115762,0.9350469171421949,中性,,,174899.1382682004,159499.3832992528,174899.1382682004,132514.6870444808,1
0.019488970701091058,0.653957902154636,0.016836885049858162,0.6657514903697774,中性,,,158300.03413356328,142900.2791646157,158300.03413356328,132514.6870444808,1
0.31812938501110055,0.7047912100297054,0.019804423622044518,0.6617778573941544,中性,,,-271146.31135953125,-286546.0663284788,-271146.31135953125,132514.6870444808,1
0.35551819767257337,0.7805835419557546,0.027147217378605003,0.6900991216718028,中性,,,-311447.2934840518,-326847.0484529994,-311447.2934840518,132514.6870444808,1
0.18838085538272684,0.7652192180466904,0.02994119917959251,0.645778127588452,乐观,,,64495.552320851355,49095.79735190378,64495.552320851355,132514.6870444808,1
0.3454728157687481,0.782767671569069,0.013600929206478842,0.8076904417153185,中性,,,-229093.54416340578,-244493.29913235336,-229093.54416340578,132514.6870444808,1
0.31964297937597586,0.7695869980904793,0.028146054471936265,0.8490765377424175,中性,,,-164433.77723379215,-179833.53220273973,-164433.77723379215,132514.6870444808,1
0.28442774159106093,0.7709439114632562,0.02761265876048618,0.6737783843547365,乐观,,,-46092.39022136409,-61492.14519031167,-46092.39022136409,132514.6870444808,1
0.32487622074047684,0.8565760068475687,0.017072695809276776,0.934880619735039,中性,,,-146483.385618804,-161883.14058775158,-146483.385618804,132514.6870444808,1
0.3047792714256701,0.6837080380133654,0.012676297899062716,0.7782930653438931,中性,,,-167841.90194429288,-183241.65691324047,-167841.90194429288,132514.6870444808,1
0.15480684624967345,0.8468251387480875,0.01141689730355419,0.8981124688618289,悲观,,,-413367.7423803704,-428767.49734931794,-413367.7423803704,132514.6870444808,1
0.30629564300602435,0.8400855782791455,0.015042469387562051,0.8889911292669881,乐观,,,94587.11477018436,79187.35980123679,94587.11477018436,132514.6870444808,1
0.3202851894218108,0.7437071624952704,0.01710533785700161,0.9117430179143222,中性,,,-115719.09131564229,-131118.84628458988,-115719.09131564229,132514.6870444808,1
0.32155309612354943,0.7287370742146259,0.02514976455963845,0.6347201773402893,悲观,,,-563023.6359813708,-578423.3909503184,-563023.6359813708,132514.6870444808,1
0.39907017894792896,0.8586697095763254,0.027071187586655096,0.980511979042647,中性,,,-225906.81542787858,-241306.57039682617,-225906.81542787858,132514.6870444808,1
0.1147342218720609,0.6812059988042968,0.01753022833846161,0.6880193281906432,乐观,0.37352187462505193,25.0,152201.2539339075,182375.25884098362,-882444.173919129,397544.06113344233,3
0.0016012649771116384,0.6843672170583492,0.011161896327085669,0.679582684637278,悲观,,,-376205.8949364551,-391605.6499054027,-376205.8949364551,132514.6870444808,1
0.26241904202447136,0.7286028987951558,0.02037560954758433,0.9561031734585165,中性,,,14223.040387072397,-1176.7145818751778,14223.040387072397,132514.6870444808,1
0.2778131165145526,0.7377207915731258,0.00899346169056773,0.7282336249799625,乐观,,,31408.360791827432,16008.605822879857,31408.360791827432,132514.6870444808,1
0.24872455378125485,0.7166026686641637,0.016272881679052595,0.9342052149723977,中性,,,24968.586929676287,9568.831960728712,24968.586929676287,132514.6870444808,1
0.2242611362916673,0.8624390903921219,0.02181098930541976,0.8570918923164381,悲观,,,-471442.51313041593,-486842.2680993635,-471442.51313041593,132514.6870444808,1
0.04255547320496311,0.8816341080937757,0.019971459252508816,0.7662733636585717,中性,,,134588.72792785193,119188.97295890436,134588.72792785193,132514.6870444808,1
0.024724784428686156,0.8473105457369856,0.010416138389108398,0.9218184025271788,中性,,,117420.29253619612,576873.8569636301,-436177.1566333882,265029.3740889616,2
0.1106288054627611,0.657250387578097,0.02539583388316514,0.6705840565877227,悲观,,,-442697.8015961128,-458097.55656506034,-442697.8015961128,132514.6870444808,1
0.30235109233035234,0.7340103733695149,0.01473335013979125,0.6988270349122876,乐观,,,-33361.91936504737,-48761.674333994946,-33361.91936504737,132514.6870444808,1
0.11893181044261283,0.7004462167402458,0.0127312431584039,0.6812598300669588,中性,,,8442.730223987324,-6957.02474496025,8442.730223987324,132514.6870444808,1
0.03317448914726922,0.6880472069886701,0.015426322084903694,0.9517867422359505,悲观,,,-265915.43528687384,-281315.1902558214,-265915.43528687384,132514.6870444808,1
0.08506988270401226,0.8680029621299832,0.02725036685399804,0.8717803333183765,悲观,,,-381034.46076384326,-396434.2157327908,-381034.46076384326,132514.6870444808,1
0.1679242244223143,0.7006930386651117,0.008214712728130081,0.7519993578055566,中性,,,4899.043541311679,-10500.711427635895,4899.043541311679,132514.6870444808,1
0.1439730701859221,0.7965978921118327,0.012406368384482636,0.7383402111043161,乐观,0.13965387530536066,29.0,174942.05956933618,134286.5166003306,-276840.7296484765,265029.3740889616,2
0.35132589235754325,0.7272881795674525,0.019287895033631906,0.7112649135569072,悲观,,,-556380.0411634698,-571779.7961324174,-556380.0411634698,132514.6870444808,1
0.2951428725441632,0.6910408359766761,0.01564281309367293,0.7948181973516627,悲观,,,-505129.42898492696,-520529.1839538745,-505129.42898492696,132514.6870444808,1
0.03782214026535851,0.733523123521057,0.02880714768875796,0.8460542359953686,中性,,,92629.24954619253,492177.29661468876,-477354.1468336733,265029.3740889616,2
0.015564328309685972,0.7940655875338597,0.007306441023384315,0.8170176284190105,乐观,1.4851397759872094,16.0,560057.8899753529,1501680.3923761174,-716231.2781765924,530058.7481779231,4
0.16943413931791454,0.7218587587559658,0.006184605845439965,0.6099111500646387,中性,,,-138912.14514855447,-154311.90011750205,-138912.14514855447,132514.6870444808,1
0.35333810828118717,0.7085750669103658,0.019351387644545533,0.8737223278719046,悲观,,,-517250.24683963455,-532650.0018085821,-517250.24683963455,132514.6870444808,1
0.06124015032135084,0.7295064304206961,0.021752329353714264,0.7756140448912388,中性,,,99854.4542467435,369409.1512700756,-565093.3137040075,265029.3740889616,1
0.347039146229277,0.8320093463836503,0.029806180182831227,0.9017444274926598,乐观,,,40978.03976524032,25578.284796292744,40978.03976524032,132514.6870444808,1
0.3329465433860004,0.8252637829472111,0.025045045416397262,0.9738732911469641,中性,,,-122969.15536016668,-138368.91032911427,-122969.15536016668,132514.6870444808,1
0.25531480956501745,0.7735855331774655,0.026275924679801825,0.772543841148603,乐观,,,98088.2780505516,82688.52308160403,98088.2780505516,132514.6870444808,1
0.31974183002285556,0.8808526643284618,0.01122301748143547,0.8838478039543649,乐观,,,47058.02256161837,31658.267592670793,47058.02256161837,132514.6870444808,1
0.3745113971218663,0.8676565803333275,0.019338146542711206,0.8316612743455919,悲观,,,-553693.6701452691,-569093.4251142167,-553693.6701452691,132514.6870444808,1
0.38998508096950846,0.7112041910488225,0.023118405461282302,0.918318001922125,中性,,,-204263.24374765242,-219662.9987166,-204263.24374765242,132514.6870444808,1
0.0844774880116232,0.6953504922127248,0.026412400022539792,0.8043025946994059,悲观,,,-374840.6049151238,-390240.35988407134,-374840.6049151238,132514.6870444808,1
0.2868077891051555,0.7100410526732072,0.02690986876877198,0.7238287144119901,悲观,,,-522556.5845253799,-537956.3394943274,-522556.5845253799,132514.6870444808,1
0.03394337742197373,0.7727674727930354,0.01626843969545718,0.9005248578412571,中性,,,99014.56402885795,527687.1448618433,-438033.0784583421,265029.3740889616,2
0.13752638756974842,0.7127971797519066,0.011953668636749277,0.9711391607311256,悲观,,,-348658.9650731844,-364058.72004213196,-348658.9650731844,132514.6870444808,1
0.3952705698228601,0.728460669246134,0.007209755885437437,0.699476152315146,悲观,,,-576939.9819997698,-592339.7369687174,-576939.9819997698,132514.6870444808,1
0.31601190766556636,0.7730126990098654,0.013424665471670021,0.864819841852625,中性,,,-149951.16306888132,-165350.9180378289,-149951.16306888132,132514.6870444808,1
0.3759488356910361,0.8807025240196111,0.02201709439163513,0.9271263708976674,乐观,,,-8490.303044582179,-23890.058013529753,-8490.303044582179,132514.6870444808,1
0.19652141307995993,0.8190699891280201,0.006956475192089254,0.9032084332601228,乐观,0.6470272341418466,19.0,229005.54727417947,116787.11009969741,-635031.2665162312,397544.06113344233,3
0.03398990125029538,0.850667788302045,0.02832450066623178,0.6904755559208249,中性,,,81174.33454780185,65774.57957885427,81174.33454780185,132514.6870444808,1
0.37114329018519543,0.8804542410855123,0.008197059608807908,0.7396016902221803,中性,,,-324729.17681389884,-340128.9317828464,-324729.17681389884,132514.6870444808,1
0.08862339975437213,0.7279449508722754,0.005582276500117332,0.6614086723724796,中性,,,21815.642583565037,6415.8876146174625,21815.642583565037,132514.6870444808,1
0.2612360265216731,0.8057388394630008,0.024459011769455415,0.7661125654955165,中性,,,-153807.61899341585,-169207.37396236343,-153807.61899341585,132514.6870444808,1
0.006232280017009995,0.6995911582525729,0.012809695305050932,0.6712827425921862,悲观,,,-385903.4576456298,-401303.2126145774,-385903.4576456298,132514.6870444808,1
0.06297904346607663,0.8098638928562174,0.020739635411814894,0.974273455759217,乐观,1.946586068797198,14.0,708645.7632026428,1556524.9277226306,-511484.94801534293,530058.7481779231,4
0.2271024467364765,0.6830135233983707,0.019101795473128923,0.6246380243656723,中性,,,-186964.50642347254,-202364.26139242013,-186964.50642347254,132514.6870444808,1
0.15610345157887817,0.752675314247106,0.01199564795986968,0.8743321790495295,乐观,0.9238008063460168,18.0,225014.60103508027,306554.006307492,-1154094.1136266799,530058.7481779231,4
0.30740679703959106,0.8006605029898113,0.01845861998332533,0.6124336720032121,中性,,,-315071.69420449913,-330471.4491734467,-315071.69420449913,132514.6870444808,1
0.217993175831399,0.7149778521593328,0.01319605097133604,0.9742427145878966,中性,,,111768.55746889312,96368.80249994555,111768.55746889312,132514.6870444808,1
0.19036497386301132,0.7990212175300179,0.015343558124641426,0.7880729092812064,中性,,,-32422.367543913897,-47822.122512861475,-32422.367543913897,132514.6870444808,1
0.17594132023665782,0.8145421357850985,0.00599854812716173,0.918010962918462,中性,,,95058.35366341684,79658.59869446927,95058.35366341684,132514.6870444808,1
0.2730239173729999,0.8042540755232144,0.021315701228532633,0.8432515665023211,乐观,,,126050.00021672793,110650.24524778036,126050.00021672793,132514.6870444808,1
0.20333766507815634,0.8257565877236843,0.02263623328086444,0.6945070309113321,中性,,,-140399.1907848772,-155798.94575382478,-140399.1907848772,132514.6870444808,1
0.16960683926278716,0.7166475033111702,0.014168577473248994,0.7563842455713223,中性,,,857.4034349751382,-14542.351533972436,857.4034349751382,132514.6870444808,1
0.08795601709402466,0.8430300478104049,0.015938408919287612,0.8824976446732987,悲观,,,-373262.01302331284,-388661.7679922604,-373262.01302331284,132514.6870444808,1
0.18798615764974677,0.6567726877225588,0.02189774979538912,0.7374840307988278,乐观,0.06683982626139451,29.0,152038.44698870467,60192.04370527087,-282176.388947206,265029.3740889616,2
0.12964968584056777,0.7853134155242545,0.011434689392365367,0.8480450515789362,中性,,,123269.9665474559,107870.21157850833,123269.9665474559,132514.6870444808,1
0.14825130460225316,0.6988854437792432,0.007788033599286382,0.6479516535826693,乐观,,,157280.52598132353,141880.77101237595,157280.52598132353,132514.6870444808,1
0.1649242907428939,0.6504631298896015,0.028823219765650356,0.607991969691925,中性,,,-114484.82073623908,-129884.57570518665,-114484.82073623908,132514.6870444808,1
0.2869910343882624,0.8695038186492228,0.022822157285802527,0.7854503019600048,乐观,,,16419.726342612623,1019.9713736650483,16419.726342612623,132514.6870444808,1
0.01572775321330817,0.8868541286091219,0.02623478879271097,0.9715720068505437,中性,0.019598881940265045,28.0,140824.37698348123,648212.0625017975,-396223.26550371887,265029.3740889616,2
0.05698322891370791,0.809195667049448,0.017896485949653,0.8092671842977518,乐观,1.137734537113284,18.0,364778.464720026,972384.2607539898,-965657.5133062339,530058.7481779231,4
0.2480323626613049,0.7246553204251016,0.0150016639104469,0.6533983340367405,悲观,,,-526459.2586498567,-541859.0136188043,-526459.2586498567,132514.6870444808,1
0.0573400280838154,0.8444699218907251,0.02262183669930297,0.8121380070443407,中性,,,90385.4450947143,359114.4120600431,-574562.3228560367,265029.3740889616,1
0.2673977161297402,0.8450972834469827,0.027030830391792722,0.8188064912825335,乐观,,,91177.90221808614,75778.14724913856,91177.90221808614,132514.6870444808,1
0.20452238136507803,0.7638872214050938,0.026635796390552503,0.7545495745058656,中性,,,-68812.11545528035,-84211.87042422792,-68812.11545528035,132514.6870444808,1
0.12196453811396646,0.7744884147907081,0.018621250842236516,0.8641844581241828,中性,,,156886.98828712688,141487.2333181793,156886.98828712688,132514.6870444808,1
0.08713491675343975,0.8580420949793301,0.01365002168095036,0.9691773679360699,悲观,,,-341849.0658834145,-357248.8208523621,-341849.0658834145,132514.6870444808,1
0.2240229904944922,0.7787876224470686,0.025716196198174883,0.6555405547003319,乐观,,,17819.457015405806,2419.702046458231,17819.457015405806,132514.6870444808,1
0.21257126886882807,0.790666252139448,0.017754157332444176,0.6144099627345065,中性,,,-207780.25329685974,-223180.00826580732,-207780.25329685974,132514.6870444808,1
0.10541986507079622,0.7322451632906796,0.021227539979678498,0.7990788517896423,悲观,,,-397423.28963087796,-412823.0445998255,-397423.28963087796,132514.6870444808,1
0.02921650990470357,0.6945578469481689,0.009772128664305591,0.843320302788546,悲观,,,-316309.51876661635,-331709.2737355639,-316309.51876661635,132514.6870444808,1
0.35268776930990825,0.7003425585472192,0.007278286135659565,0.9502984065438588,中性,,,-127243.27612431077,-142643.03109325835,-127243.27612431077,132514.6870444808,1
0.17016905193349433,0.8801663321629862,0.028609230478944345,0.8859667557059672,悲观,,,-433690.0536912054,-449089.80866015295,-433690.0536912054,132514.6870444808,1
0.237336050164559,0.8873787044101419,0.028672905710599512,0.6424009970079771,中性,,,-243668.42249456682,-259068.1774635144,-243668.42249456682,132514.6870444808,1
0.12621469836113572,0.6811347456571774,0.022369957781219023,0.7095393457440947,中性,,,33555.42932205135,18155.674353103776,33555.42932205135,132514.6870444808,1
0.03614355068056718,0.7695122141068798,0.008954196591301412,0.7728361694317957,悲观,,,-369257.82243935927,-384657.5774083068,-369257.82243935927,132514.6870444808,1
0.3815399559800583,0.6847958079673142,0.01804717884626583,0.678791930127595,悲观,,,-572809.4576833594,-588209.212652307,-572809.4576833594,132514.6870444808,1
0.08092344753683928,0.6631457857737046,0.00848493457802472,0.7973936631052868,中性,,,76437.80529842175,309115.14353846357,-557482.9926282383,265029.3740889616,2
0.034935926028713385,0.7558444697370245,0.019531175571333798,0.6936902704844246,中性,,,126924.40021329653,111524.64524434895,126924.40021329653,132514.6870444808,1
0.028733947893443457,0.7028314592559428,0.0166688231479735,0.9961768715701289,乐观,2.688636586145147,12.0,1095179.397891727,2398530.012361557,-105545.36343287933,530058.7481779231,4
0.3918486724497152,0.7515407327120787,0.007017009460366625,0.7294293748997334,悲观,,,-571113.0076969019,-586512.7626658495,-571113.0076969019,132514.6870444808,1
0.005650629963941833,0.6728560664692101,0.01632979837622665,0.7358649855217188,悲观,,,-348208.3449627605,-363608.0999317081,-348208.3449627605,132514.6870444808,1
0.28643998826349887,0.7357077430151885,0.026296696393663607,0.696390864105247,中性,,,-216833.77380489733,-232233.5287738449,-216833.77380489733,132514.6870444808,1
0.07365568685967298,0.7688721479326021,0.008811662724459655,0.6646314497486088,中性,,,31271.237779461575,15871.482810514,31271.237779461575,132514.6870444808,1
0.1055144168703067,0.6913681343754193,0.028244206253376827,0.6172013002960204,中性,,,-37505.08801468455,-52904.84298363213,-37505.08801468455,132514.6870444808,1
0.2193055367333061,0.7101461298567344,0.016319293627820444,0.6350951132330541,中性,,,-175481.67150036804,-190881.42646931563,-175481.67150036804,132514.6870444808,1
0.08867885935072928,0.6964124863583734,0.012871961956937576,0.9609479681052568,乐观,2.0048042412367315,14.0,693978.669547705,1425976.0967089771,-526152.0416702807,530058.7481779231,4
0.37875691645350307,0.8064709630479405,0.02157303777580219,0.7920123997704868,乐观,,,-87763.80089732239,-103163.55586626996,-87763.80089732239,132514.6870444808,1
0.2043508597081316,0.7352144169908059,0.02100937524794163,0.8184557973603854,悲观,,,-452714.04496701533,-468113.7999359629,-452714.04496701533,132514.6870444808,1
0.15709016556497182,0.7251980986626753,0.026170844375278293,0.7515370227892435,乐观,0.32038478053535546,24.0,130855.29713582653,15581.106144263773,-917206.3012986736,397544.06113344233,3
0.17695583756037825,0.8308401352269464,0.008382048212779748,0.969860087863385,中性,,,129247.22128315302,113847.46631420545,129247.22128315302,132514.6870444808,1
0.10391929825052255,0.7079575055275537,0.011626932214374297,0.746689669167187,中性,,,96647.8595808185,81248.10461187093,96647.8595808185,132514.6870444808,1
0.37984121716031743,0.8105689832296717,0.018679156773602518,0.7794391232068538,乐观,,,-100900.7422889698,-116300.49725791738,-100900.7422889698,132514.6870444808,1
0.339862880978428,0.7203290418638765,0.02883550621633575,0.7580461452825529,乐观,,,-28052.00401606391,-43451.75898501149,-28052.00401606391,132514.6870444808,1
0.3867279512328934,0.8188779442053467,0.009038768161279843,0.8344547820695724,悲观,,,-553361.2244926444,-568760.979461592,-553361.2244926444,132514.6870444808,1
0.31565681594757056,0.7175156417297319,0.022380370576500466,0.9640358696520795,悲观,,,-474659.13486698334,-490058.8898359309,-474659.13486698334,132514.6870444808,1
0.1571431354404667,0.805308509137656,0.015491464820237527,0.6699275766498861,悲观,,,-487502.73354218405,-502902.4885111316,-487502.73354218405,132514.6870444808,1
0.16263925748078517,0.8058101663796609,0.019349605203812216,0.662496495904257,中性,,,-107860.35828914319,-123260.11325809076,-107860.35828914319,132514.6870444808,1
0.14778841847250113,0.715808576550416,0.02323178109650973,0.7238608120108737,中性,,,3132.807367885245,-12266.94760106233,3132.807367885245,132514.6870444808,1
0.36928941410784666,0.7794262357408598,0.020425572754014017,0.6292983944670205,悲观,,,-586195.48413193,-601595.2391008777,-586195.48413193,132514.6870444808,1
0.04038047971924539,0.8335551076054016,0.025898027022921058,0.674582117277831,悲观,,,-428026.04219818814,-443425.7971671357,-428026.04219818814,132514.6870444808,1
0.12928291579711315,0.7918586280689205,0.020544904845000485,0.874701583416583,乐观,1.0052785230667332,18.0,259926.2396020426,496820.1004706046,-1086895.6856344987,530058.7481779231,4
0.11801605619861527,0.8081021574096262,0.018993071144442302,0.7223348961650269,乐观,0.22348769969791515,27.0,205618.88352079358,205587.9973957568,-246163.90569701913,265029.3740889616,2
0.038193364783687005,0.8208802464396924,0.02319684282556505,0.9661306110759846,中性,0.00027080416755942416,28.0,133712.7385459998,584569.0165289592,-403334.9039412003,265029.3740889616,2
0.12864893528769836,0.848657760766405,0.024270257045809814,0.8001262457677881,乐观,0.5729484425294182,22.0,231641.88850312066,267362.5239717759,-702405.4148104885,397544.06113344233,3
0.10715024083090433,0.7914815192968323,0.026629586369696888,0.727193801846605,中性,,,38390.60236736408,22990.847398416507,38390.60236736408,132514.6870444808,1
0.38041794166915577,0.8415708420732169,0.027175975508263818,0.7540988243561786,乐观,,,-133131.2438797217,-148530.9988486693,-133131.2438797217,132514.6870444808,1
0.06102624187352519,0.7745049399719142,0.016981834557406233,0.9193728763200538,乐观,1.7654041802326081,15.0,630881.6587172842,1434407.7149877676,-608462.8642763246,530058.7481779231,4
0.2924557507632239,0.8004358966712727,0.015685729771212593,0.8041303668302937,中性,,,-167006.262709024,-182406.0176779716,-167006.262709024,132514.6870444808,1
0.008147389473751066,0.7707309931586427,0.02639927000435312,0.8837096044568993,乐观,1.9686419563531112,15.0,796961.102649996,1971314.3364847393,-442383.4203436128,530058.7481779231,4
0.1561939959074084,0.7769535768591099,0.005837089224927512,0.7531991768677374,中性,,,-4212.277098077488,-19612.032067025062,-4212.277098077488,132514.6870444808,1
0.10208355983963267,0.6574978349577559,0.022260202719473803,0.7740351003395373,中性,,,148064.58749379512,132664.83252484753,148064.58749379512,132514.6870444808,1
0.09999470161140356,0.7790792957595241,0.015950669531768286,0.7895937892116364,中性,,,117533.73327514887,102133.9783062013,117533.73327514887,132514.6870444808,1
0.002529858895894144,0.8678470168492214,0.006777184923627031,0.7803698989263979,悲观,,,-364162.01675816043,-379561.771727108,-364162.01675816043,132514.6870444808,1
0.20951294774795015,0.7172552261113131,0.026500162451565095,0.7585439335849681,中性,,,-56741.28542290828,-72141.04039185586,-56741.28542290828,132514.6870444808,1
0.09955189125915159,0.6546574761185642,0.0151038633903319,0.8145945958233161,中性,,,87054.35842100343,268799.9870987695,-562457.1060351749,265029.3740889616,2
0.384805745527544,0.8196414017230468,0.02989174501563488,0.7180240361255887,乐观,,,-159483.01104906833,-174882.76601801591,-159483.01104906833,132514.6870444808,1
0.22222338701864555,0.7968224850676399,0.02964633001105819,0.8615948799004467,乐观,0.17881043593220092,23.0,181321.70075082386,80858.31401614066,-199128.1533932007,265029.3740889616,2
0.29030009388769884,0.68057266921394,0.022485592758057813,0.7937262354741927,乐观,,,100230.45765355448,84830.7026846069,100230.45765355448,132514.6870444808,1
0.3227337788761821,0.674992325025734,0.00834789109133896,0.6278444007194423,中性,,,-293134.32404829713,-308534.0790172447,-293134.32404829713,132514.6870444808,1
0.03230870368294121,0.8236828007779265,0.018808964536260818,0.9343540070212569,中性,,,109729.88511045868,551573.7658649805,-427317.7573767414,265029.3740889616,2
0.2076563136644563,0.6781951246185307,0.02711525006625701,0.6700019849159353,悲观,,,-497169.5215313179,-512569.27650026546,-497169.5215313179,132514.6870444808,1
0.08202023940927333,0.8434955572935156,0.007645363192117069,0.8457709979352663,中性,,,172854.8130992235,157455.05813027592,172854.8130992235,132514.6870444808,1
0.30043246419314845,0.6956146127859515,0.0065405999594403,0.779522553508887,悲观,,,-512504.50825900264,-527904.2632279502,-512504.50825900264,132514.6870444808,1
0.27970832360557524,0.7356062719173011,0.0162338485258283,0.6453939732406847,中性,,,-246231.9373985986,-261631.69236754617,-246231.9373985986,132514.6870444808,1
0.07420967585276293,0.8129565586195849,0.006779220563697342,0.9903578369125293,中性,,,91371.71044309331,431021.47936257446,-445675.93204410677,265029.3740889616,2
0.07269182712477047,0.6533827149108454,0.013361572305130468,0.6611253056208829,悲观,,,-424339.0794262178,-439738.8343951654,-424339.0794262178,132514.6870444808,1
0.3491001033751558,0.7947691184122039,0.009411441325722487,0.8226637602749796,中性,,,-227997.60014998296,-243397.35511893054,-227997.60014998296,132514.6870444808,1
0.3904803457432357,0.6578617352632868,0.023307960554195376,0.9091988104765709,悲观,,,-523744.56685520353,-539144.3218241511,-523744.56685520353,132514.6870444808,1
0.06874774569254063,0.7422335981849498,0.026703870663226693,0.8147999753673998,中性,,,82456.32081532072,349869.8707636927,-551464.4771113393,265029.3740889616,2
0.3132051341827371,0.8487494692010048,0.016907113577092025,0.8035172555093926,中性,,,-210346.95971217786,-225746.71468112545,-210346.95971217786,132514.6870444808,1
0.10533694349425056,0.8550775367277259,0.005519670611896039,0.6783086408838899,乐观,,,88174.11432625938,49034.26374538703,-514096.0714788254,265029.3740889616,2
0.1361032847570689,0.6859598798461535,0.009668868892785083,0.8123025607744279,乐观,0.8989225876075082,18.0,223795.79976766015,386018.83979436907,-1156643.8487284686,530058.7481779231,4
0.028260286308444238,0.6573154181899159,0.016629203395921076,0.9824749660214539,中性,0.12641761508023563,28.0,181074.81772430075,699477.9322504319,-288101.98464390996,265029.3740889616,2
0.38366821562681935,0.8630434823816003,0.012078376909687778,0.9267792257024587,中性,,,-234565.4897025891,-249965.2446715367,-234565.4897025891,132514.6870444808,1
0.20472895556190288,0.75149987433029,0.02538756889813642,0.9172317730780085,乐观,0.7881366983367171,18.0,169264.52760575325,-31214.313357626583,-1274479.4788574984,530058.7481779231,4
0.3993023804861184,0.7648429906259322,0.025173074445497896,0.9449913467933914,悲观,,,-531253.6895578076,-546653.4445267553,-531253.6895578076,132514.6870444808,1
0.016826576821224393,0.7471396165252592,0.026418417110919398,0.715641312477804,中性,,,95612.04779920501,476039.71610888455,-569335.720151546,265029.3740889616,1
0.002939255625705073,0.735287463756857,0.02038791736895378,0.6519028760289347,乐观,0.8067721110990846,22.0,279283.87064246694,1090858.004450972,-1274488.1305549017,530058.7481779231,4
0.0625095908468317,0.8683504508009587,0.010409732717074367,0.9977114695663363,中性,,,87604.25496087226,447678.3724578456,-449443.38752632786,265029.3740889616,2
0.03373795777532451,0.6656665362748784,0.006873042406486719,0.8359570989163807,乐观,1.764694732216935,15.0,666915.8472337344,1613881.1379296198,-572428.6757598744,530058.7481779231,4
0.1611850967082023,0.7567605822276469,0.0197321925916157,0.8132162419145423,中性,,,51445.232410808225,36045.477441860654,51445.232410808225,132514.6870444808,1
0.18871428806521062,0.8213265644153762,0.029932768563665852,0.7401191368995059,悲观,,,-482060.2759242894,-497460.030893237,-482060.2759242894,132514.6870444808,1
0.05025001822066191,0.782843404396869,0.0136064446786163,0.975993037481997,中性,,,121219.40883910957,541286.7851581043,-399112.9288988824,265029.3740889616,2
0.20814207438618718,0.8415294803052845,0.011464746776227379,0.9278954161129439,悲观,,,-436878.8779176016,-452278.63288654917,-436878.8779176016,132514.6870444808,1
0.24787094485428707,0.874341716250987,0.02469649880084675,0.9414536768589438,中性,,,-31555.08751526211,-46954.84248420969,-31555.08751526211,132514.6870444808,1
0.32969557844005054,0.782199599607264,0.02046350591257997,0.6235661357343214,悲观,,,-573359.2878243807,-588759.0427933283,-573359.2878243807,132514.6870444808,1
0.22038576620542105,0.6641122538776395,0.02353617016469283,0.9360228034087607,乐观,0.8796828431885348,17.0,166799.6112871396,-24398.900560421345,-1191809.9652417887,530058.7481779231,4
0.04070738367192237,0.875532859525472,0.006690500190732375,0.7896224863711261,乐观,0.9769098623356358,19.0,316522.1679287195,957085.4106076539,-1084806.6023307422,530058.7481779231,4
0.02812445542578215,0.654375457517356,0.005623692967666267,0.8045080957744134,乐观,1.6364794832418355,16.0,615258.2683693416,1555068.4599101623,-643109.8306397354,530058.7481779231,4
0.050970668429039856,0.6799064609790898,0.01921367137624479,0.6937182403247695,中性,,,132889.44491767127,117489.6899487237,132889.44491767127,132514.6870444808,1
0.3798541552707,0.8338480175840992,0.02692938415947291,0.8078344230286681,乐观,,,-87200.46846322177,-102600.22343216934,-87200.46846322177,132514.6870444808,1
0.07316127359467295,0.6664034936949506,0.021398827753117147,0.6207810015032224,乐观,0.2168209104200649,29.0,206816.05029116088,267072.9669387565,-279582.54727546376,265029.3740889616,2
0.27662165884296747,0.8785281740981389,0.01284716640783089,0.7944633236806483,中性,,,-179272.61247588252,-194672.3674448301,-179272.61247588252,132514.6870444808,1
0.09711159418432823,0.7800437168268001,0.021486681875136953,0.9915234617788165,中性,,,86736.37360016748,365750.0281842059,-466861.07556941686,265029.3740889616,2
0.0472523401116296,0.7640800283319945,0.019719269574739302,0.6586492571457411,中性,,,64497.550430021714,49097.79546107414,64497.550430021714,132514.6870444808,1
0.11360232653432921,0.6785186101428863,0.017801048336586363,0.6662532324049382,中性,,,7966.374529967899,-7433.380438979675,7966.374529967899,132514.6870444808,1
0.06787877289674618,0.8236627816646771,0.00988104057574176,0.9585140403104598,悲观,,,-322947.00919872534,-338346.7641676729,-322947.00919872534,132514.6870444808,1
0.20879895481829439,0.7268251438127713,0.01062691314436477,0.7886411116660592,乐观,0.026168884860597652,28.0,141890.5373686534,32282.347347853807,-274580.66575253627,265029.3740889616,2
0.3661108822106595,0.722779668355483,0.00885609055237678,0.8880561790265229,中性,,,-191507.435828815,-206907.1907977626,-191507.435828815,132514.6870444808,1
0.08040645947102397,0.8324709891409848,0.017973260881053527,0.861358079802963,中性,,,87364.16011752198,314269.58460926387,-562147.3043386564,265029.3740889616,2
0.1756390245209504,0.6932821036099861,0.023912896691133525,0.6628045296607167,乐观,,,135389.46279084188,119989.7078218943,135389.46279084188,132514.6870444808,1
0.3192031419538344,0.8291842313732292,0.005485569701468511,0.7092532850426694,中性,,,-271869.00642355817,-287268.7613925057,-271869.00642355817,132514.6870444808,1
0.2382177514867183,0.870613303848572,0.014390149303217557,0.9500093275095817,悲观,,,-454163.59934737586,-469563.3543163234,-454163.59934737586,132514.6870444808,1
0.14851219500345078,0.6625476825971175,0.023562232276390555,0.6602611029731652,中性,,,-43199.97662284863,-58599.73159179621,-43199.97662284863,132514.6870444808,1
0.3100933008772859,0.7783320121814504,0.005349317985461564,0.6008940818989589,中性,,,-320348.27298596804,-335748.0279549156,-320348.27298596804,132514.6870444808,1
0.12198220549967793,0.6932747470388425,0.02033984844290277,0.6913745886869709,中性,,,16920.237312408044,1520.4823434604696,16920.237312408044,132514.6870444808,1
0.15170638023450916,0.6948190922407496,0.008452618446718716,0.6947442412509153,悲观,,,-460912.27969535964,-476312.0346643072,-460912.27969535964,132514.6870444808,1
0.12325078481450738,0.8664691256436307,0.025784053147075707,0.7488015026878636,中性,,,2627.8869163307027,-12771.868052616872,2627.8869163307027,132514.6870444808,1
0.22694422360562339,0.8488970094064909,0.01090725253792414,0.7185549955172049,中性,,,-159751.75595516356,-175151.51092411115,-159751.75595516356,132514.6870444808,1
0.016347995908669734,0.7255250871894061,0.026947844414700172,0.9647950590285924,悲观,,,-253440.68732950243,-268840.44229845,-253440.68732950243,132514.6870444808,1
0.18322341664737257,0.7415237363810334,0.017233979915584695,0.8218878096234709,悲观,,,-439722.90027512255,-455122.6552440701,-439722.90027512255,132514.6870444808,1
0.3368968991684643,0.8836793775616012,0.02133512030009106,0.8641808953973477,中性,,,-215266.04818102348,-230665.80314997106,-215266.04818102348,132514.6870444808,1
0.1337093646857527,0.6857546778030851,0.019601583567401264,0.6179765614036828,乐观,,,145158.25287506238,129758.4979061148,145158.25287506238,132514.6870444808,1
0.1683646797882462,0.749541013798874,0.013179271461897644,0.9877415554794345,悲观,,,-372862.662275991,-388262.41724493855,-372862.662275991,132514.6870444808,1
0.06052312859008446,0.6897275603708073,0.0214631870712691,0.9967581274918393,悲观,,,-269263.604906823,-284663.3598757706,-269263.604906823,132514.6870444808,1
0.36224695882699515,0.7168679742099614,0.021197498003132503,0.616199580773347,中性,,,-349566.5435681461,-364966.2985370937,-349566.5435681461,132514.6870444808,1
0.2618279865115927,0.7787167465334308,0.010945884622044778,0.9313987793071662,乐观,0.21522400722572566,21.0,185511.81511877076,69735.01306827315,-158192.66093364765,265029.3740889616,2
0.18367843827682614,0.8026206236454209,0.024760331708639314,0.6965956242487176,乐观,,,115573.37834484293,100173.62337589536,115573.37834484293,132514.6870444808,1
0.11208036212399902,0.8361993928436573,0.007802480810660551,0.7153546813656679,中性,,,258.0052778428799,-15141.749691104695,258.0052778428799,132514.6870444808,1
0.20996883828172608,0.8541034842767279,0.02990318144096518,0.6428843383440562,中性,,,-201029.56846352678,-216429.32343247437,-201029.56846352678,132514.6870444808,1
0.14303928408923033,0.7649404178744013,0.017347743578859976,0.9424780252593666,乐观,1.2666953192752297,16.0,333922.74142823,602240.7105446861,-923342.8507082472,530058.7481779231,4
0.007540631615181326,0.7592052225399651,0.020451845956102218,0.7841582348372094,悲观,,,-341939.8087278586,-357339.56369680614,-341939.8087278586,132514.6870444808,1
0.15898963347625927,0.7487973668311367,0.00969289806124397,0.9025228457883814,中性,,,140073.9002663764,124674.14529742884,140073.9002663764,132514.6870444808,1
0.2355949162274465,0.7737752434301042,0.026935676980409717,0.6488059727451353,悲观,,,-527425.355015538,-542825.1099844857,-527425.355015538,132514.6870444808,1
0.12012786764920631,0.7534915923502005,0.012463556218803486,0.9052748329580975,悲观,,,-368908.6198390088,-384308.37480795634,-368908.6198390088,132514.6870444808,1
0.03390989710889789,0.7493119543721954,0.0243344822034621,0.9402247774346966,中性,0.005308157281986636,31.0,134670.05405092187,600555.1906608676,-385662.2836870701,265029.3740889616,2
0.22315467139989764,0.8238060084198024,0.022034738382596532,0.6937466529980243,中性,,,-165922.92582701426,-181322.68079596185,-165922.92582701426,132514.6870444808,1
0.30824373305537284,0.7261089588500332,0.021349328667923283,0.7925921710075194,中性,,,-174094.95755593444,-189494.71252488202,-174094.95755593444,132514.6870444808,1
0.036022015112863896,0.8098921196732911,0.026642175883863,0.6565725152103451,中性,,,59016.120965454,43616.36599650643,59016.120965454,132514.6870444808,1
0.019466981936334005,0.6571116526343339,0.029741462416793592,0.7973886033225539,中性,,,105644.97696829596,559045.0595032157,-464338.41941156983,265029.3740889616,2
0.10995083065000757,0.8852030347867902,0.011306269638042092,0.8902833582950973,中性,,,145829.89161519505,130430.13664624748,145829.89161519505,132514.6870444808,1
0.028195802142767647,0.813986387484306,0.005040771190746622,0.8702994046242278,中性,,,94839.00573964174,517991.32836067694,-475144.3906402241,265029.3740889616,2
0.2984416928286005,0.8347400401641558,0.02310268097043845,0.6097933765870441,中性,,,-316121.65270926646,-331521.407678214,-316121.65270926646,132514.6870444808,1
0.3960582456223053,0.7082300884461495,0.011855964305633463,0.9254106198322158,悲观,,,-527927.4878910056,-543327.2428599532,-527927.4878910056,132514.6870444808,1
0.26423347020182064,0.8312063306001388,0.005929016545483929,0.8215048377060905,中性,,,-126081.5736383739,-141481.32860732148,-126081.5736383739,132514.6870444808,1
0.12137715895671769,0.8603227206554042,0.009068742982496408,0.7456778838023442,乐观,0.19933663389841705,28.0,196760.95537800502,189575.83004456342,-255021.8338398077,265029.3740889616,2
0.076257102642397,0.847129792718642,0.006976729434198893,0.795691626875996,悲观,,,-401161.5786186935,-416561.3335876411,-401161.5786186935,132514.6870444808,1
0.27116143402460574,0.8397443573733441,0.02624646370617007,0.9925049002975955,中性,,,-17853.419298454442,-33253.17426740202,-17853.419298454442,132514.6870444808,1
0.30762476553600815,0.771381986797119,0.027818422529528153,0.8575033528797851,乐观,,,95620.47578398217,80220.7208150346,95620.47578398217,132514.6870444808,1
0.09418080680555235,0.7692170673723354,0.0232454730265951,0.6810887018250733,悲观,,,-444804.43732898915,-460204.1922979367,-444804.43732898915,132514.6870444808,1
0.391217096162255,0.7543064865769294,0.00954538632309429,0.7325855527926024,中性,,,-319811.8388182311,-335211.59378717863,-319811.8388182311,132514.6870444808,1
0.24923410298808846,0.8715235181714607,0.029664751898052275,0.860679503564445,中性,,,-91431.75519509072,-106831.51016403829,-91431.75519509072,132514.6870444808,1
0.12873166787863563,0.8557180629076998,0.010444958380507872,0.642552259724387,乐观,,,107257.55879889047,91857.8038299429,107257.55879889047,132514.6870444808,1
0.3456554707282129,0.7228748322891521,0.02187926790952623,0.7868073429652798,中性,,,-226448.22666259418,-241847.98163154177,-226448.22666259418,132514.6870444808,1
0.11470968430411795,0.6826465868530176,0.018732952056895978,0.7786386760470031,中性,,,122193.59917052908,106793.84420158151,122193.59917052908,132514.6870444808,1
0.0861428669917618,0.8752665609855794,0.020964779908263537,0.9598402629533347,悲观,,,-349011.1504017932,-364410.90537074074,-349011.1504017932,132514.6870444808,1
0.24914038634246993,0.8538708364745987,0.013273019495361665,0.6780572676543946,中性,,,-219773.8103179249,-235173.56528687247,-219773.8103179249,132514.6870444808,1
0.1091734906999196,0.7573277515816484,0.01314909006948329,0.7085096290831965,中性,,,30114.992591361097,14715.237622413522,30114.992591361097,132514.6870444808,1
0.021212948668753784,0.7316873067535352,0.02224379914851187,0.6703398997124024,悲观,,,-400993.54348429106,-416393.2984532386,-400993.54348429106,132514.6870444808,1
0.08026665016516699,0.6502222656155372,0.016844193795789317,0.6155835157664492,中性,,,9330.760489680499,-6068.994479267076,9330.760489680499,132514.6870444808,1
0.39792136983678866,0.870415090733672,0.010376895203908354,0.7240009727655731,中性,,,-357800.9019955041,-373200.65696445166,-357800.9019955041,132514.6870444808,1
0.3377654186636974,0.8426350259343418,0.008156035914157055,0.6497795393393409,中性,,,-331996.78843576036,-347396.5434047079,-331996.78843576036,132514.6870444808,1
0.34803815584550885,0.8617003997829206,0.007684146242163254,0.8297189151862207,悲观,,,-541515.3145585911,-556915.0695275387,-541515.3145585911,132514.6870444808,1
0.2744517240011131,0.8699439795029376,0.016369232311889838,0.6332331098768206,中性,,,-285030.012714891,-300429.76768383855,-285030.012714891,132514.6870444808,1
0.1634066680543419,0.8446157005601505,0.013508611598159692,0.9499588801890357,中性,,,129120.80753581485,113721.05256686728,129120.80753581485,132514.6870444808,1
0.06300705435547438,0.7235552905564592,0.005872894795568663,0.7124983867496966,中性,,,118064.44879292921,102664.69382398164,118064.44879292921,132514.6870444808,1
0.056913191422636934,0.6767275934687811,0.00830963228135876,0.6310206697045865,乐观,0.40842195930885805,26.0,176243.5453603656,417180.49517152656,-893713.4685892938,397544.06113344233,3
0.3776460461986113,0.6611746764149087,0.024001794538588507,0.894860698686879,乐观,,,52074.69847053179,36674.94350158422,52074.69847053179,132514.6870444808,1
0.13914826468842728,0.7185221580057,0.01632705302024568,0.9426300708596762,中性,,,74051.27070214057,193822.54012523155,-544122.954029706,265029.3740889616,2
0.1886495255870011,0.7086950823886096,0.023175393531709276,0.9418107472168784,中性,,,139508.91984368375,124109.16487473618,139508.91984368375,132514.6870444808,1
0.2674341783283937,0.7460508850823836,0.01696233595353712,0.8099641519819655,乐观,,,128983.14809102612,113583.39312207855,128983.14809102612,132514.6870444808,1
0.39100239365157247,0.7566478790331758,0.013557875156190148,0.7494364025889565,悲观,,,-567004.0243801537,-582403.7793491014,-567004.0243801537,132514.6870444808,1
0.1187754951270891,0.6707473791845135,0.015697356579481177,0.6669429077244196,中性,,,3730.024628592728,-11669.730340354847,3730.024628592728,132514.6870444808,1
0.3174310997566425,0.7090226361413927,0.02029736553355172,0.9604725676994451,中性,,,-67083.17225370713,-82482.9272226547,-67083.17225370713,132514.6870444808,1
0.07751704510896507,0.7327438865518291,0.01975923017960165,0.8026444559039414,悲观,,,-377288.8332148743,-392688.5881838219,-377288.8332148743,132514.6870444808,1
0.1787185378762276,0.7803360067784596,0.01168331786143931,0.8449782061359408,悲观,,,-435032.02818466356,-450431.7831536111,-435032.02818466356,132514.6870444808,1
0.13464281342620674,0.8430264398666178,0.011482120022703886,0.8420707400012313,中性,,,82605.10789540928,67205.35292646171,82605.10789540928,132514.6870444808,1
0.12658405696609873,0.8698716050984064,0.013581542952009588,0.6946703605948074,乐观,,,168134.92117557567,152735.16620662808,168134.92117557567,132514.6870444808,1
0.29837774237432596,0.8136319312875674,0.006238373551671895,0.6524819842863103,中性,,,-281924.2225761966,-297323.97754514415,-281924.2225761966,132514.6870444808,1
0.08377313461050409,0.7041531165512862,0.024478462883590266,0.7143699795347771,悲观,,,-414758.9205652481,-430158.6755341957,-414758.9205652481,132514.6870444808,1
0.014572778923944442,0.7563627169388691,0.02042821444211615,0.9475540933567211,悲观,,,-267724.5311801547,-283124.28614910226,-267724.5311801547,132514.6870444808,1
0.07866913051531853,0.7771521466177931,0.014102709056049375,0.7930149804981979,乐观,0.9954579228112257,19.0,296616.20196707203,756244.7384129083,-1086248.4728334234,530058.7481779231,4
0.2179566615458749,0.7496289465468983,0.02973599766749362,0.6260862679598145,乐观,,,4715.508108870992,-10684.246860076582,4715.508108870992,132514.6870444808,1
0.20066473682619324,0.7709015210641131,0.02804910835508023,0.8029295918372278,中性,,,-24551.610016785686,-39951.364985733264,-24551.610016785686,132514.6870444808,1
0.10899543684687961,0.808116024036181,0.01924112727449404,0.6857381747791133,中性,,,-12943.509584143547,-28343.26455309112,-12943.509584143547,132514.6870444808,1
0.2576347429346562,0.7453601322095698,0.0051100230475887645,0.778632460070475,悲观,,,-496217.6006581921,-511617.3556271397,-496217.6006581921,132514.6870444808,1
0.02999939571961594,0.7533463765954002,0.007047997104633192,0.7102661735148665,中性,,,155016.26232158765,139616.50735264007,155016.26232158765,132514.6870444808,1
0.12344613704376761,0.8894356625891625,0.027907550847874527,0.8341239618342094,乐观,0.6718394654222963,21.0,186048.99639888093,288028.342658002,-1396396.2681830951,530058.7481779231,3
0.3472069177730088,0.7265356445217169,0.023739906149632735,0.6547327136015789,中性,,,-312348.6465561659,-327748.40152511344,-312348.6465561659,132514.6870444808,1
0.19643273059783217,0.6540382254206779,0.011855745559759268,0.9821528869616994,中性,,,93474.19026486775,48245.61454785674,-571473.5776858833,265029.3740889616,1
0.07258178212057627,0.69500754717733,0.016980331616048724,0.937059696268214,乐观,1.9968712154224102,14.0,715512.6723135536,1529158.2876570497,-504618.0389044321,530058.7481779231,4
0.17474080301510975,0.7000944520248705,0.006151622502554778,0.7850521277930924,乐观,0.4536222836567929,22.0,167981.69603419676,50222.24270022703,-798675.2645988835,397544.06113344233,3
0.2918727974377255,0.7480641842305401,0.019867566797940005,0.774498608378487,中性,,,-170961.04442311032,-186360.7993920579,-170961.04442311032,132514.6870444808,1
0.20700209775741968,0.8134319840300381,0.017692721088328096,0.9762443992670234,中性,,,90222.64004149305,74822.88507254548,90222.64004149305,132514.6870444808,1
0.006366521215884369,0.7067296484981563,0.017515171452666397,0.8162287407554648,中性,,,108966.70569889738,602239.471345585,-444630.74347068695,265029.3740889616,2
0.28582083930803287,0.7159155542282067,0.02162259197603693,0.8816129092476851,中性,,,-74505.50671591639,-89905.26168486396,-74505.50671591639,132514.6870444808,1
0.16086763965852882,0.692941948557548,0.015349684406384342,0.9147265166828049,乐观,1.1379015474021115,16.0,269737.069654341,433939.0193931622,-987528.5224821361,530058.7481779231,4
0.23744527652718617,0.7218488824050318,0.022057242966493286,0.8960584834784016,中性,,,11845.14796647821,-3554.6070024693654,11845.14796647821,132514.6870444808,1
0.3306191445958187,0.6676869997132017,0.005268842940000638,0.649188309052821,悲观,,,-558115.6070987161,-573515.3620676637,-558115.6070987161,132514.6870444808,1
0.3515716131790885,0.7519956085331074,0.011873292299259541,0.7716300463947278,中性,,,-250659.92100461363,-266059.6759735612,-250659.92100461363,132514.6870444808,1
0.1205846671952068,0.6830958997788716,0.021397886549347014,0.6546417611118621,乐观,0.030283660914858013,34.0,138548.34277220845,107573.34196100722,-381783.99496578355,265029.3740889616,2
0.08067520531218145,0.8255291137119948,0.025139652642386674,0.6501304039097803,悲观,,,-458965.6629939285,-474365.41796287603,-458965.6629939285,132514.6870444808,1
0.379829108261464,0.7611312336206194,0.020755887374324707,0.6093041760487071,中性,,,-378627.33046622836,-394027.0854351759,-378627.33046622836,132514.6870444808,1
0.2021590618237545,0.862692395213457,0.011785985439109407,0.9100765279434878,中性,,,22354.62436361613,6954.869394668556,22354.62436361613,132514.6870444808,1
0.04610830712229799,0.7204100414700791,0.010946600910965493,0.7770110350293142,中性,,,89725.13558190092,419268.61766575754,-544195.6623447591,265029.3740889616,2
0.17336790220340267,0.7086887781804334,0.022396969205706885,0.8337884378845959,中性,,,69316.43988764874,53916.68491870117,69316.43988764874,132514.6870444808,1
0.22176783897839136,0.7032561551105176,0.022010776527311406,0.7550002142155073,中性,,,-73392.17409221121,-88791.92906115878,-73392.17409221121,132514.6870444808,1
0.05989368330670822,0.7932409602921071,0.020066610263662663,0.7361202574666114,乐观,0.7998330442880786,21.0,240142.292413766,726240.4619960581,-1262910.0852733355,530058.7481779231,4
0.33818315948617134,0.6761730335557835,0.022375959695247954,0.7575339024740089,乐观,,,-10731.606547558877,-26131.36151650645,-10731.606547558877,132514.6870444808,1
0.09000945187386096,0.7173258092994774,0.016052657363893184,0.7074860594722653,中性,,,73183.91481245414,57784.15984350657,73183.91481245414,132514.6870444808,1
0.19236324487259224,0.7030109203638897,0.017659351737164063,0.9555151065460153,乐观,1.071179271245121,16.0,227143.3438524321,238659.72597558747,-1046508.1954943264,530058.7481779231,4
0.19953156977072842,0.7192382247540675,0.009497161617563196,0.9513531508747581,中性,,,123960.20618713237,108560.4512181848,123960.20618713237,132514.6870444808,1
0.2288653212589834,0.8610643150288804,0.008042257184352237,0.8729957144008273,悲观,,,-469169.17549977446,-484568.930468722,-469169.17549977446,132514.6870444808,1
0.0482309764063948,0.761746042401664,0.01468482324410884,0.9764694437300742,中性,0.012247884057193792,28.0,138065.0186938766,576564.5144311824,-382267.3190441154,265029.3740889616,2
0.325960903620801,0.8297184801124027,0.021698096751463405,0.9681601891840238,中性,,,-117485.78429945768,-132885.53926840526,-117485.78429945768,132514.6870444808,1
0.15586847439314627,0.6886273816595623,0.011894051887376729,0.9519105824243483,中性,,,64478.1444475474,141512.80063762533,-553696.0802842991,265029.3740889616,2
0.1365413288762842,0.7018668932197211,0.017124006256090375,0.8866661481858116,中性,,,96499.16217138211,183404.0912689978,-568448.6057793689,265029.3740889616,1
0.3030866083250617,0.8011490659339804,0.024689064063492607,0.7003638515499649,中性,,,-251515.18289195682,-266914.9378609044,-251515.18289195682,132514.6870444808,1
0.061494111795536766,0.7373112757195128,0.023109002371070032,0.8526673542319743,悲观,,,-344845.16554178746,-360244.920510735,-344845.16554178746,132514.6870444808,1
0.34333706883701165,0.6628042357628436,0.019880392212916237,0.9935282000926425,中性,,,-73354.76208619933,-88754.5170551469,-73354.76208619933,132514.6870444808,1
0.3202687279837683,0.7928434335653846,0.024577207873074814,0.8622376541421148,中性,,,-163991.71484993727,-179391.46981888486,-163991.71484993727,132514.6870444808,1
0.09112446043455363,0.8280370192575003,0.01094774716660827,0.9922561100570353,悲观,,,-328516.2717846354,-343916.02675358293,-328516.2717846354,132514.6870444808,1
0.09467360143906252,0.8560815489161274,0.011074646549070477,0.7443611173965132,中性,,,45463.94947322379,30064.194504276213,45463.94947322379,132514.6870444808,1
0.0634994320779053,0.6881772211586006,0.017158960581665474,0.6974787016930908,悲观,,,-407335.1734993503,-422734.9284682979,-407335.1734993503,132514.6870444808,1
0.0036955685674050723,0.7389079018875075,0.012956263865460081,0.6124623243306682,中性,,,82638.86137016001,67239.10640121244,82638.86137016001,132514.6870444808,1
0.2506620728013416,0.6669921132256782,0.012926039072736328,0.9491222127981591,中性,,,51041.241035346444,35641.486066398866,51041.241035346444,132514.6870444808,1
0.16478988960479515,0.7616244628313831,0.010206999860895127,0.9247526002831712,乐观,1.035794676123258,17.0,240291.45490538742,344153.02570129384,-1070127.2932715602,530058.7481779231,4
0.36426561690001746,0.7037442540061519,0.012768506694411423,0.6642491099238147,中性,,,-319882.983622673,-335282.7385916206,-319882.983622673,132514.6870444808,1
0.13312214884904014,0.8019453768955125,0.009741159538703116,0.9677587697470974,悲观,,,-364234.18873192684,-379633.9437008744,-364234.18873192684,132514.6870444808,1
0.0027512044137332214,0.855186830871328,0.022594245194151243,0.7421439481423994,中性,,,95452.57744449018,511443.7161116146,-569495.1905062608,265029.3740889616,1
0.08941764033569335,0.6904135156748903,0.01677872837846807,0.7412751318883843,中性,,,120909.60396212796,105509.84899318039,120909.60396212796,132514.6870444808,1
0.0872596738244126,0.8091026481345485,0.02417153800757033,0.6666544572113897,悲观,,,-453121.1618959977,-468520.91686494526,-453121.1618959977,132514.6870444808,1
0.17583495012053552,0.8357657806381849,0.021269495889353566,0.8807526881658365,中性,,,53447.52642679139,38047.77145784382,53447.52642679139,132514.6870444808,1
0.09397821810122796,0.7776269223883063,0.010109142343729921,0.8904914787940263,悲观,,,-360578.6895873502,-375978.44455629773,-360578.6895873502,132514.6870444808,1
0.11650530668573658,0.7715707467975212,0.01716774835358737,0.8403397505628117,中性,,,144252.35247950393,128852.59751055636,144252.35247950393,132514.6870444808,1
0.3677893234040366,0.8515841826073252,0.02697783628091596,0.851806628561375,中性,,,-251310.34172685246,-266710.0966958,-251310.34172685246,132514.6870444808,1
0.24367947348637947,0.7543721970611496,0.013052650026681566,0.8368011549795481,悲观,,,-472488.60113716807,-487888.3561061156,-472488.60113716807,132514.6870444808,1
0.002982572569521214,0.8543940383112196,0.006160601119440555,0.8099180601333672,中性,,,90813.68149899745,550624.2966603227,-511456.5043060873,265029.3740889616,2
0.07926849184897425,0.8649754011836356,0.009752394293709374,0.9538059949466698,乐观,1.5257109813569776,15.0,505191.31475326186,1137501.5355442902,-734153.208240347,530058.7481779231,4
0.09629718140967758,0.6861785999062625,0.012905817754655876,0.7591802265081099,悲观,,,-400656.9955302362,-416056.7504991838,-400656.9955302362,132514.6870444808,1
0.3995566195017693,0.7051165606974995,0.025765870674571423,0.6636470988361891,乐观,,,-187235.31104384683,-202635.0660127944,-187235.31104384683,132514.6870444808,1
0.09020938331323394,0.7512052531480622,0.01896410166919766,0.6481142860624373,乐观,0.08474476477947412,32.0,156280.66346835915,176078.44116319358,-364051.67426963284,265029.3740889616,2
0.10987421307233194,0.7818247763843993,0.01874084526733117,0.841056260930314,悲观,,,-392316.65027908236,-407716.4052480299,-392316.65027908236,132514.6870444808,1
0.06744750473262716,0.6886861383016074,0.012551281485396297,0.6579656627433359,乐观,0.5251796655566472,24.0,229122.30882186283,447492.31137766666,-773556.0007883826,397544.06113344233,3
0.2051817802045203,0.7996580354486442,0.013937204384953019,0.7104984564135646,中性,,,-120187.74316274637,-135587.49813169395,-120187.74316274637,132514.6870444808,1
0.11772918993393344,0.7324750221751435,0.016318771856771427,0.8022934748737423,乐观,0.8985959811892381,19.0,244358.50773971563,481114.30132304935,-1170792.9564859988,530058.7481779231,4
0.0893290352647762,0.7671142795718353,0.008737793487233473,0.739999693083189,中性,,,88608.03873402321,73208.28376507564,88608.03873402321,132514.6870444808,1
0.06978485750422983,0.7895243138120104,0.01541752558920018,0.6206318177617892,乐观,,,109644.97897944917,143750.74717831844,-476562.1275096063,265029.3740889616,2
0.16544125611715454,0.8381423685802799,0.015407837218295008,0.9749441286315138,中性,,,150228.75561081857,134829.00064187098,150228.75561081857,132514.6870444808,1
0.16489225987507874,0.8321274176622288,0.013591682882021422,0.7457428285340717,乐观,,,90063.13990240809,-25368.988658376707,-446984.502584792,265029.3740889616,2
0.2222458102761408,0.8154513088808355,0.021086555853840245,0.9311696588626289,乐观,0.5567356714830634,19.0,185728.44301178143,-6863.284886296344,-695023.6755278374,397544.06113344233,3
0.22530245298812385,0.7206934579919358,0.0055700061893742365,0.8457613004257281,乐观,0.2762675121511151,21.0,207469.69545798915,116233.7597444606,-154698.87605339554,265029.3740889616,2
0.18021592220466381,0.6895294737178075,0.012202051823391022,0.8039955718047458,乐观,0.5647469038136121,20.0,207418.10346215195,106873.02330158172,-708347.9172188173,397544.06113344233,3
0.06870125842736825,0.7969159701702835,0.023834215348763635,0.9744190081339292,悲观,,,-310494.46672443044,-325894.221693378,-310494.46672443044,132514.6870444808,1
0.37055665366582297,0.794352208441875,0.02416753968580715,0.6215098838274221,中性,,,-369550.33298415033,-384950.0879530979,-369550.33298415033,132514.6870444808,1
0.2490518696323175,0.7236401215694817,0.015791255202531315,0.8217192541118392,中性,,,-65872.15080560773,-81271.9057745553,-65872.15080560773,132514.6870444808,1
0.01674461016273523,0.7554756239789342,0.010345453869805772,0.9666780312341399,乐观,2.4513439403047323,13.0,1007528.6755610853,2310757.1578597967,-212602.03565690038,530058.7481779231,4
0.11985875854082764,0.6920444953402541,0.010487603773708576,0.7911009021411815,乐观,0.8878124220753427,19.0,231138.03781081457,462974.94912090537,-1167950.3470988704,530058.7481779231,4
0.20001448597505586,0.6632940948116715,0.0059971400678286,0.6909563782491395,乐观,,,142984.71646210557,127584.961493158,142984.71646210557,132514.6870444808,1
0.2485922230140576,0.7851098849087099,0.012974239814566052,0.9717701620184749,中性,,,27320.602920304078,11920.847951356503,27320.602920304078,132514.6870444808,1
0.3339777650611787,0.8650168443142122,0.017083375330403418,0.9577157077922971,中性,,,-148978.86862849703,-164378.62359744462,-148978.86862849703,132514.6870444808,1
0.26337337047331033,0.6711112996458527,0.016848355352309847,0.6869327208633391,悲观,,,-518210.74251074815,-533610.4974796957,-518210.74251074815,132514.6870444808,1
0.0014902032310482928,0.727940507945794,0.01973826486341907,0.7820921390604629,中性,,,107672.25145325162,597884.7995610072,-478534.8550358038,265029.3740889616,2
0.39648001231050045,0.8754860095951227,0.008141332670937421,0.7660429706673979,中性,,,-336324.857117892,-351724.61208683957,-336324.857117892,132514.6870444808,1
0.2933963190119747,0.7379293171782777,0.023657045318383692,0.6496600051642712,中性,,,-259319.3902522921,-274719.14522123965,-259319.3902522921,132514.6870444808,1
0.286573270302362,0.80016386966249,0.025930255371541373,0.618742809066862,悲观,,,-559800.3060117107,-575200.0609806583,-559800.3060117107,132514.6870444808,1
0.019397832908786584,0.6961074138198108,0.0051070702658233755,0.8016841206715465,中性,,,92920.04740151635,534184.8317861804,-477063.3489783495,265029.3740889616,2
0.2631567125623979,0.7423789873282505,0.0050801922671296,0.8695564617630549,悲观,,,-472471.0265633572,-487870.78153230477,-472471.0265633572,132514.6870444808,1
0.3464681723270976,0.655436957049905,0.01826187808141581,0.9579671529542083,中性,,,-99550.27754334541,-114950.03251229298,-99550.27754334541,132514.6870444808,1
0.24336669861757199,0.8135866036009773,0.008060221193261675,0.8699708403242238,乐观,,,107626.41567390956,-41082.67691657139,-308844.78744728013,265029.3740889616,2
0.3896883331341266,0.7563324798460033,0.01361262129193867,0.9013238462385268,中性,,,-225252.16427605686,-240651.91924500445,-225252.16427605686,132514.6870444808,1
0.1029218617820122,0.6913178923927288,0.009255757514818592,0.7836708146424608,悲观,,,-395455.11514290783,-410854.8701118554,-395455.11514290783,132514.6870444808,1
0.00788757760459431,0.6625013059927256,0.02824711359882414,0.6291845364640543,悲观,,,-402447.7969320937,-417847.55190104124,-402447.7969320937,132514.6870444808,1
0.18047537821341297,0.7088240677604078,0.02906734630431244,0.9643943357991217,中性,,,173805.5599543609,158405.80498541333,173805.5599543609,132514.6870444808,1
0.1794926077665037,0.7400272767381368,0.005946652916078206,0.7171387357018835,悲观,,,-473733.1996617138,-489132.95463066135,-473733.1996617138,132514.6870444808,1
0.040948132006049104,0.7846067775047331,0.007469121442839056,0.6411725295181054,中性,,,45259.36826790102,29859.61329895345,45259.36826790102,132514.6870444808,1
0.1769129460490555,0.6830323484317686,0.005111225620221575,0.6771897767071375,悲观,,,-479495.35933001386,-494895.1142989614,-479495.35933001386,132514.6870444808,1
0.32009937744354705,0.8697052041265316,0.015148609937199242,0.7620106906003912,中性,,,-251580.86692238232,-266980.6218913299,-251580.86692238232,132514.6870444808,1
0.2507688062818756,0.6941936448064182,0.007692228057396534,0.7750447562620203,中性,,,-96612.26314066735,-112012.01810961492,-96612.26314066735,132514.6870444808,1
0.05548304126352371,0.7203856384180267,0.012648574910764371,0.7045192804096656,中性,,,122166.98557381472,106767.23060486715,122166.98557381472,132514.6870444808,1
0.2612254337278954,0.7722535720678382,0.010036414056183605,0.6411756188189599,乐观,,,-47784.59095709437,-63184.34592604195,-47784.59095709437,132514.6870444808,1
0.1917218730871143,0.6649134041921305,0.01145303749123895,0.9216135113536619,乐观,1.0078766410098972,16.0,208229.45348315017,197465.88848246663,-1083165.7186783294,530058.7481779231,4
0.3503266531589511,0.7945010782404061,0.015572648358951374,0.7706539990217802,悲观,,,-548444.2861380616,-563844.0411070092,-548444.2861380616,132514.6870444808,1
0.26031958460715277,0.790416501462285,0.008871610285720897,0.95426516801815,中性,,,-7137.350785715258,-22537.105754662833,-7137.350785715258,132514.6870444808,1
0.019895506208427394,0.7286914209871481,0.026746417867789394,0.9667826343447138,中性,0.1271261155941663,26.0,184323.3360386411,726254.5564682197,-319126.5439026507,265029.3740889616,2
0.3825359760293672,0.8600580342108742,0.025630767927480633,0.9438840258728824,中性,,,-223059.53386646492,-238459.2888354125,-223059.53386646492,132514.6870444808,1
0.30258757630221744,0.7885613607382759,0.022992100043507668,0.6711144430323098,中性,,,-267400.8209264774,-282800.57589542493,-267400.8209264774,132514.6870444808,1
0.3830369736776687,0.7226391973715431,0.029654033098890677,0.7513504059221484,悲观,,,-560402.8725114105,-575802.6274803581,-560402.8725114105,132514.6870444808,1
0.04491449192009536,0.8383908591891627,0.01887063500941421,0.7228525174648115,中性,,,106380.15134335557,90980.396374408,106380.15134335557,132514.6870444808,1
0.1328404751364019,0.7576058617588302,0.026566603143827278,0.8672665907436659,乐观,1.0257619264877982,17.0,265005.02865394234,493168.9457786055,-1081816.896582599,530058.7481779231,4
0.23339742058783053,0.887935531732549,0.011035251657272316,0.7049164642875259,悲观,,,-523855.0704534088,-539254.8254223564,-523855.0704534088,132514.6870444808,1
0.2216078008282842,0.7972062167380083,0.023149039322470494,0.7341783703797045,悲观,,,-497521.05919165845,-512920.814160606,-497521.05919165845,132514.6870444808,1
0.252891814835328,0.8896869182048919,0.01236373384474981,0.6735737809876079,中性,,,-239042.4657922855,-254442.2207612331,-239042.4657922855,132514.6870444808,1
0.1701661899108189,0.7102191029486156,0.013674000634188246,0.855282695431745,中性,,,93779.38429009027,78379.6293211427,93779.38429009027,132514.6870444808,1
0.15842357791346187,0.6596075030718234,0.027948562540571743,0.7627543839659414,中性,,,44113.30260139185,28713.547632444275,44113.30260139185,132514.6870444808,1
0.034593678498153806,0.8022039716948441,0.026595623756593873,0.6164612800209601,悲观,,,-445338.0187934315,-460737.7737623791,-445338.0187934315,132514.6870444808,1
0.05855593155448294,0.7945459652834703,0.02803076256795922,0.7751073468262039,中性,,,163104.3638330672,147704.60886411963,163104.3638330672,132514.6870444808,1
0.30633627423867654,0.8282165748213564,0.01116890348193024,0.6643305449231544,中性,,,-286469.5721681294,-301869.32713707694,-286469.5721681294,132514.6870444808,1
0.3102413568906525,0.8168152135795947,0.02164634265890513,0.9317714240652816,中性,,,-112144.77964878682,-127544.53461773439,-112144.77964878682,132514.6870444808,1
0.13587349018780404,0.6601614681462022,0.026718644395088333,0.8329718939688713,中性,,,150278.18745092984,134878.43248198225,150278.18745092984,132514.6870444808,1
0.02776661257974622,0.8236182807589904,0.023718437988726526,0.866471460846009,悲观,,,-332286.4682268899,-347686.22319583746,-332286.4682268899,132514.6870444808,1
0.365286423403442,0.8307579245650103,0.021443908089599256,0.860377569368715,乐观,,,-21802.926355627897,-37202.681324575475,-21802.926355627897,132514.6870444808,1
0.3713228532388495,0.7929529803224576,0.01541673527406371,0.7454935918237665,乐观,,,-110187.98550284817,-125587.74047179574,-110187.98550284817,132514.6870444808,1
0.25784213593373345,0.6685438472608769,0.00855465032537568,0.9600743580419385,乐观,0.7006108164249554,17.0,206558.7739421702,8478.86178394247,-568838.5442872116,397544.06113344233,3
0.38073297947898754,0.7526842321587978,0.024601522691017678,0.9312900109257286,中性,,,-195111.98571111338,-210511.74068006096,-195111.98571111338,132514.6870444808,1
0.05813508449085689,0.8892863267934015,0.005755480093783748,0.8389343674845772,中性,,,91769.39435287069,360055.93749464216,-573178.3735978804,265029.3740889616,1
0.2727157367878594,0.7113506585525815,0.02303948110747127,0.6865598253125063,乐观,,,5881.446578274226,-9518.308390673348,5881.446578274226,132514.6870444808,1
0.08764666963385381,0.8172094469782586,0.024585337145849397,0.6755783001848755,悲观,,,-451020.660312295,-466420.4152812426,-451020.660312295,132514.6870444808,1
0.31164149549374676,0.6706397531923887,0.009769023811666604,0.782212362475966,乐观,,,56796.45667477035,41396.70170582278,56796.45667477035,132514.6870444808,1
0.2247511339572042,0.7430426835699742,0.029459255555561913,0.7854845224885154,中性,,,-65191.65091777237,-80591.40588671995,-65191.65091777237,132514.6870444808,1
0.1646577267550894,0.7249232174256312,0.01314237024343961,0.8751348239717992,悲观,,,-406371.0618065921,-421770.81677553966,-406371.0618065921,132514.6870444808,1
0.2727266902585276,0.6982890795502095,0.014605200080112322,0.6586155890241328,中性,,,-218814.57757810206,-234214.33254704965,-218814.57757810206,132514.6870444808,1
0.2917401779808559,0.7351173382535275,0.009085414438506575,0.6906022327724702,乐观,,,-26478.308126834534,-41878.06309578211,-26478.308126834534,132514.6870444808,1
0.10705949402394098,0.8359286223226945,0.013279985170155276,0.6754930217371851,中性,,,-31954.713368437697,-47354.468337385275,-31954.713368437697,132514.6870444808,1
0.1874180117900827,0.6575065403059536,0.028998560483609964,0.6591013780288429,中性,,,-97012.25811453225,-112412.01308347982,-97012.25811453225,132514.6870444808,1
0.15391785399828295,0.7674631758220192,0.024636100558354267,0.6024361118700506,乐观,,,60425.40390035536,45025.64893140779,60425.40390035536,132514.6870444808,1
0.2583957840812045,0.8781557309957446,0.025434738435412146,0.9711352872332868,中性,,,-28902.31158408484,-44302.06655303242,-28902.31158408484,132514.6870444808,1
0.14292359315086994,0.7562993751472649,0.021450807759602824,0.7707727439065345,中性,,,40687.185804656714,25287.43083570914,40687.185804656714,132514.6870444808,1
0.03673920643201183,0.8491967957563733,0.010104715991050103,0.977579043809889,悲观,,,-296368.37649350194,-311768.1314624495,-296368.37649350194,132514.6870444808,1
0.05166567844095913,0.8448502665409743,0.02546754569257536,0.8955037679524989,乐观,1.5190655755403557,16.0,535553.7994241473,1305709.2135929726,-740735.368727798,530058.7481779231,4
0.10821585147416642,0.8483956973576691,0.013801013251085521,0.8149594502277363,中性,,,96820.90144094173,81421.14647199416,96820.90144094173,132514.6870444808,1
0.0023400090694428942,0.7878709264493979,0.023687647194098823,0.6698209534301085,乐观,0.8054354719173069,22.0,278938.4329169784,1092911.4995085262,-1274833.5682803902,530058.7481779231,4
0.21215981576740153,0.6927790407562625,0.02114868927292213,0.6767690834061376,悲观,,,-498720.5151472494,-514120.27011619695,-498720.5151472494,132514.6870444808,1
0.2741260969676969,0.6765667719933187,0.007655436209410883,0.8959774252727253,悲观,,,-462952.2203545484,-478351.975323496,-462952.2203545484,132514.6870444808,1
0.3239076716191819,0.8410757020754787,0.00853483570194415,0.8073522589107875,悲观,,,-532979.3949333435,-548379.1499022911,-532979.3949333435,132514.6870444808,1
0.25302848791439486,0.6651032031129313,0.02861202140806868,0.6830922941478327,中性,,,-166290.1637277155,-181689.91869666308,-166290.1637277155,132514.6870444808,1
0.051316569750844025,0.7003031475984264,0.016273741222084265,0.8292384565366064,乐观,1.5375969072225062,16.0,544233.1848963584,1323231.2522641658,-732055.9832555869,530058.7481779231,4
0.010370491236377656,0.6500754607145809,0.013759177367873698,0.7464625471209679,乐观,1.4348398370785902,17.0,542628.1424923663,1506095.5526668446,-752496.2494372707,530058.7481779231,4
0.36503301907892083,0.8613259943262366,0.008579468762151194,0.7648419340724294,中性,,,-299112.7983107874,-314512.553279735,-299112.7983107874,132514.6870444808,1
0.12504442711369657,0.8091771268425323,0.0109285715797773,0.7293677031843232,乐观,0.20678328814463387,28.0,198986.62347534936,188505.101475377,-252796.16574246334,265029.3740889616,2
0.10020361443559805,0.8814377808523671,0.012656489023421171,0.6094112439293109,中性,,,-107710.52884680449,-123110.28381575206,-107710.52884680449,132514.6870444808,1
0.0684819768973703,0.771638471892212,0.0078179016581965,0.8504195508981638,乐观,1.3478929572002172,16.0,442074.28946126055,1067595.575349805,-834214.8786906848,530058.7481779231,4
0.1450075527214943,0.6904382526332971,0.015000624894610324,0.9143867285802508,中性,,,69895.42908440587,155022.77846786228,-564025.3688422542,265029.3740889616,2
0.04045728533104125,0.778924917038488,0.01670213453638983,0.7308449024084646,悲观,,,-393004.4331964452,-408404.1881653928,-393004.4331964452,132514.6870444808,1
0.39244477424811,0.6922503967743814,0.009818572269768636,0.6582330768408943,中性,,,-350402.6497662201,-365802.4047351677,-350402.6497662201,132514.6870444808,1
0.17746782979308018,0.7098937236863735,0.015735584575538204,0.8694087404246871,中性,,,94415.06200062041,79015.30703167284,94415.06200062041,132514.6870444808,1
0.3660983104121522,0.7235230969226494,0.009954475770571332,0.9818271387491257,乐观,,,-42403.20499904592,-297984.804274027,-440953.3389773674,265029.3740889616,2
0.13725504993738621,0.8519436442745303,0.017970356228845,0.7387009993044251,乐观,0.020987837879195004,34.0,136559.13015877263,83878.76397149255,-366890.7497825192,265029.3740889616,2
0.30086602674577617,0.7214899622343454,0.020166962881449344,0.7477560894079189,悲观,,,-523911.5277346288,-539311.2827035764,-523911.5277346288,132514.6870444808,1
0.38472629656011176,0.7819109782574808,0.019960815041644576,0.839956570270918,中性,,,-259511.9516549596,-274911.70662390714,-259511.9516549596,132514.6870444808,1
0.1160191379094374,0.8831782699779335,0.02054171031288212,0.8683685442215845,中性,,,116500.65147715405,101100.89650820648,116500.65147715405,132514.6870444808,1
0.11514456019631303,0.6654437557219831,0.013755754914197154,0.6704389717073568,中性,,,14514.369213279606,-885.3857556679686,14514.369213279606,132514.6870444808,1
0.3516015539210878,0.7226611659789566,0.013322065635351165,0.8681458015316046,悲观,,,-519118.53886051936,-534518.2938294669,-519118.53886051936,132514.6870444808,1
0.3717749706710797,0.737323227446116,0.007529986148169366,0.6698736019682566,乐观,,,-156026.04231582186,-171425.79728476945,-156026.04231582186,132514.6870444808,1
0.098847715347608,0.8089445129195088,0.008904130588456627,0.6776406769395111,乐观,0.06932956481161501,33.0,150965.74473784794,155908.1096837351,-369366.59300014406,265029.3740889616,2
0.05921328804102473,0.654500140816707,0.017530829738156905,0.9450907253051739,中性,0.008606091732022758,27.0,137101.16112080665,551874.8941140613,-383231.17661718535,265029.3740889616,2
0.051264908258284204,0.885735399095753,0.021918465737235333,0.9402762527792625,乐观,1.601301225566365,15.0,571340.3500647027,1365704.199343985,-668004.1729289062,530058.7481779231,4
0.27929690959567605,0.7422953761114209,0.013108499830090985,0.8867834383577896,中性,,,-69261.36087260325,-84661.11584155083,-69261.36087260325,132514.6870444808,1
0.38023535361963734,0.7864783562835974,0.012365527644691838,0.795811519732191,中性,,,-279735.4317183267,-295135.18668727425,-279735.4317183267,132514.6870444808,1
0.170691919830765,0.8398719496062916,0.01961533030539594,0.6037742910510602,中性,,,-183373.92325490087,-198773.67822384846,-183373.92325490087,132514.6870444808,1
0.2534415143767444,0.869662700370577,0.015343041841604715,0.8297870637085434,中性,,,-119370.15125808347,-134769.90622703105,-119370.15125808347,132514.6870444808,1
0.21266257138755418,0.6661529769605592,0.027432091688327536,0.9641649359326503,中性,,,132098.0368111988,116698.28184225124,132098.0368111988,132514.6870444808,1
0.22262220628837823,0.6638134486265491,0.01994876282799392,0.771660715951665,中性,,,-47856.82516967104,-63256.58013861862,-47856.82516967104,132514.6870444808,1
0.018849966638228955,0.8206130438550776,0.012172345595807847,0.8606821321812432,中性,,,97603.04347418356,544647.6808741422,-472380.3529056823,265029.3740889616,2
0.09073659385289301,0.755708562851904,0.02589083147633311,0.8422366574379095,悲观,,,-373863.57215755974,-389263.3271265073,-373863.57215755974,132514.6870444808,1
0.1771635325283319,0.7248251501067001,0.021041141972790816,0.8458255765181043,悲观,,,-425052.4137735613,-440452.16874250886,-425052.4137735613,132514.6870444808,1
0.2430782037673852,0.8263639169563848,0.024218250810039386,0.6235903081559845,中性,,,-245565.96517325577,-260965.72014220335,-245565.96517325577,132514.6870444808,1
0.16850942422060955,0.6931452098707789,0.015518346779125246,0.6284518143302369,悲观,,,-494094.6705112501,-509494.42548019765,-494094.6705112501,132514.6870444808,1
0.2674779051373678,0.7130173906784372,0.022785146186989312,0.6192434112066671,中性,,,-246510.74064316967,-261910.49561211726,-246510.74064316967,132514.6870444808,1
0.1565794654347361,0.8412731340597117,0.024598789505139048,0.7502238569830033,中性,,,-33269.07929619868,-48668.83426514626,-33269.07929619868,132514.6870444808,1
0.09101954752779524,0.7892976406833009,0.0070316173486880615,0.773841713647444,悲观,,,-408361.16577895347,-423760.920747901,-408361.16577895347,132514.6870444808,1
0.3533524728366091,0.7567761963120396,0.01976934371593837,0.7441527441320042,中性,,,-270768.6776809648,-286168.43264991237,-270768.6776809648,132514.6870444808,1
0.08116791322461343,0.8688491798400847,0.024986644560673815,0.6533044577724123,中性,,,-33181.5855041883,-48581.340473135875,-33181.5855041883,132514.6870444808,1
0.1674123108146613,0.6536951971905368,0.01820918300940555,0.6520185760339464,悲观,,,-480451.4938588724,-495851.24882781995,-480451.4938588724,132514.6870444808,1
0.2784163845696372,0.7117140889138871,0.027297205046045415,0.862867903369668,乐观,,,69266.62308619387,-107339.68194844542,-329283.5108921276,265029.3740889616,2
0.24607581533207365,0.8585239018452838,0.014042116875553755,0.8196562307542319,中性,,,-111971.14811672166,-127370.90308566923,-111971.14811672166,132514.6870444808,1
0.36151628323118823,0.6895796980660672,0.019451519079667308,0.9017724776907922,中性,,,-167666.6027346401,-183066.35770358768,-167666.6027346401,132514.6870444808,1
0.34703260984639056,0.7395235440986562,0.009332718997397902,0.8336193421620127,中性,,,-203209.94677464737,-218609.70174359495,-203209.94677464737,132514.6870444808,1
0.006076041872801819,0.6667612621984408,0.009881929505164751,0.907731983807261,乐观,2.4230248059725548,13.0,1013958.5646795944,2375010.333419326,-206172.14653839136,530058.7481779231,4
0.218256349605689,0.6753357110033896,0.01836047380604615,0.942242184238778,中性,,,99928.99239881634,84529.23742986876,99928.99239881634,132514.6870444808,1
0.11643926547894999,0.6797337462292059,0.027517042494056072,0.9416354986528844,悲观,,,-337788.8976038931,-353188.6525728407,-337788.8976038931,132514.6870444808,1
0.3294697959298257,0.6733310330683855,0.006582090835050926,0.9034403588585038,中性,,,-114060.49780969549,-129460.25277864306,-114060.49780969549,132514.6870444808,1
0.16581920963612756,0.8669269270342452,0.025982589301693844,0.6230493886188226,中性,,,-169797.97132130148,-185197.72629024906,-169797.97132130148,132514.6870444808,1
0.30890696128298334,0.7821177391459885,0.029575137476904705,0.8744190018590192,悲观,,,-501837.66364509607,-517237.4186140436,-501837.66364509607,132514.6870444808,1
0.07931920479998139,0.848298949087871,0.0299189168286075,0.6393357067489559,悲观,,,-466307.178542413,-481706.93351136055,-466307.178542413,132514.6870444808,1
0.3053548216573134,0.6654450276119696,0.006714002901621187,0.955526593203865,乐观,0.09812643186026371,20.0,157246.7391137574,17356.99549211547,-167809.0005251051,265029.3740889616,2
0.35262527994575293,0.8061232165118609,0.01306341054847146,0.9625252761331164,中性,,,-152740.83884378712,-168140.5938127347,-152740.83884378712,132514.6870444808,1
0.11020433578193974,0.862736100606265,0.022020564812330196,0.9582688338836971,悲观,,,-364319.4006152984,-379719.155584246,-364319.4006152984,132514.6870444808,1
0.3809187191062526,0.7970581176080785,0.02170087610233569,0.9656242321305806,中性,,,-189202.07669633502,-204601.8316652826,-189202.07669633502,132514.6870444808,1
0.2878299978783449,0.8036817490698762,0.024693817971649004,0.9587771167333229,中性,,,-53685.37240018462,-69085.1273691322,-53685.37240018462,132514.6870444808,1
0.027055821801225746,0.6939536830039472,0.0288494545566771,0.9874601893508905,乐观,2.673517226311162,12.0,1091990.6960872097,2400902.798885132,-108734.06523739663,530058.7481779231,4
0.014719760160047191,0.7417875603078604,0.0239918175996999,0.9011543214631323,悲观,,,-286809.5807197804,-302209.33568872797,-286809.5807197804,132514.6870444808,1
0.24379555483580762,0.6842887084498058,0.01733023332169483,0.6958742803364486,悲观,,,-507321.9905327323,-522721.74550167983,-507321.9905327323,132514.6870444808,1
0.03200777021064383,0.868614307935178,0.023616149105038352,0.9727295927091801,中性,,,122433.28195589167,576538.6361717024,-414614.36053130846,265029.3740889616,2
0.16531699958112173,0.736017750200503,0.020407677401302247,0.7406237547885335,中性,,,-14174.332758257791,-29574.087727205366,-14174.332758257791,132514.6870444808,1
0.3205269304863449,0.8602027024230514,0.011070023256131932,0.8108088197169502,悲观,,,-532890.8078100898,-548290.5627790374,-532890.8078100898,132514.6870444808,1
0.015022329368136456,0.8198780730007611,0.018724531848378113,0.8895709118212334,悲观,,,-311125.2248483552,-326524.9798173028,-311125.2248483552,132514.6870444808,1
0.3982104716247768,0.8886436560672877,0.016624995637587816,0.9464234860735344,悲观,,,-544420.2386284878,-559819.9935974354,-544420.2386284878,132514.6870444808,1
0.2950264644893188,0.8610142056352558,0.025366656652019464,0.924709631296463,中性,,,-110634.48487886766,-126034.23984781523,-110634.48487886766,132514.6870444808,1
0.32799597911150913,0.8157691551251122,0.008311284953605108,0.645673761625808,乐观,,,-146700.24738956086,-162100.00235850844,-146700.24738956086,132514.6870444808,1
0.25018563550916956,0.7746502681259306,0.027681544771220704,0.8638361427484874,中性,,,-52414.15223167478,-67813.90720062236,-52414.15223167478,132514.6870444808,1
0.16557272327047354,0.7952586465962204,0.02400688211715871,0.8257413227796496,中性,,,39871.20616821928,24471.451199271705,39871.20616821928,132514.6870444808,1
0.29076028106167273,0.8192634919776888,0.025758671015339026,0.6250207145109178,乐观,,,-120348.12341181727,-135747.87838076486,-120348.12341181727,132514.6870444808,1
0.205504180380676,0.6679263488079564,0.021975250704237993,0.8866160776007771,中性,,,77282.2890957059,61882.53412675833,77282.2890957059,132514.6870444808,1
0.3175195910599051,0.7220595460710324,0.010047680463285903,0.7402935806973114,中性,,,-221039.2816130448,-236439.03658199238,-221039.2816130448,132514.6870444808,1
0.2783734409608675,0.8529247850907746,0.023022954751966914,0.6695950236278406,中性,,,-259106.2762390399,-274506.03120798746,-259106.2762390399,132514.6870444808,1
0.0633654853791112,0.8148138078939323,0.011204296955422353,0.8101547731407387,乐观,1.0808212732611682,18.0,334536.2587978669,890808.2977533606,-995899.719228393,530058.7481779231,4
0.26837570996864607,0.7216097577596319,0.01332166876540852,0.8613457146412127,中性,,,-64196.920881661405,-79596.67585060898,-64196.920881661405,132514.6870444808,1
0.03855739498801776,0.8597579814256511,0.017815331201340715,0.7893444052789862,悲观,,,-382170.53963837906,-397570.2946073266,-382170.53963837906,132514.6870444808,1
0.15079752758821494,0.7298779669556238,0.01176839207073567,0.8269626298587093,中性,,,91930.08899640854,76530.33402746097,91930.08899640854,132514.6870444808,1
0.3556790741258669,0.8759225544913186,0.010486835730702271,0.6400421715068841,乐观,,,-205363.8053907614,-220763.560359709,-205363.8053907614,132514.6870444808,1
0.3979445614554436,0.857264016764997,0.005592435052968368,0.7005054202825864,悲观,,,-588152.5795078474,-603552.334476795,-588152.5795078474,132514.6870444808,1
0.32831175081646663,0.7895376743101559,0.017842963529176345,0.821779952798611,中性,,,-199961.94439217343,-215361.69936112102,-199961.94439217343,132514.6870444808,1
0.24065534765554514,0.6573600748313673,0.02115029309927099,0.8937735320715323,中性,,,27072.609021757762,11672.854052810188,27072.609021757762,132514.6870444808,1
0.1328470073248881,0.8483030996306102,0.022888599927937053,0.6513189291697111,悲观,,,-488350.8064617572,-503750.5614307048,-488350.8064617572,132514.6870444808,1
0.2548433652712955,0.7194598720534463,0.007985823536155923,0.6619875972599568,悲观,,,-526439.1509362125,-541838.9059051601,-526439.1509362125,132514.6870444808,1
0.19111636272735288,0.7957725088230794,0.009410056871360373,0.8849986441452884,中性,,,49784.03617249406,34384.28120354649,49784.03617249406,132514.6870444808,1
0.12462325535758434,0.7036396690577859,0.024630153398579775,0.9839255331747508,中性,,,62265.49833898725,267048.4868873185,-491331.9508305971,265029.3740889616,2
0.01681225657279688,0.7125366359421142,0.00895125727797115,0.9371049139408072,悲观,,,-264333.06268989475,-279732.8176588423,-264333.06268989475,132514.6870444808,1
0.3865904962753535,0.7912433063899103,0.01794349467685408,0.9389402489676747,悲观,,,-528836.0916349081,-544235.8466038557,-528836.0916349081,132514.6870444808,1
0.31086109976280385,0.6779849709364439,0.026019452473510802,0.8116704876951447,悲观,,,-507433.41661949194,-522833.1715884395,-507433.41661949194,132514.6870444808,1
0.3332980155205298,0.6565553880971005,0.008459267322340086,0.9191298095306516,中性,,,-104659.26565440971,-120059.02062335728,-104659.26565440971,132514.6870444808,1
0.3525554817419335,0.8025030254698601,0.0205882188592602,0.716894042452806,悲观,,,-562338.2563255733,-577738.0112945209,-562338.2563255733,132514.6870444808,1
0.38446895635867306,0.6751514453944149,0.01822526500183919,0.7090274363339121,中性,,,-309482.5277090352,-324882.28267798276,-309482.5277090352,132514.6870444808,1
0.23783448772112525,0.8415041881229286,0.024429487070781967,0.9475206756774214,中性,,,3158.828505827223,-12240.926463120351,3158.828505827223,132514.6870444808,1
0.18630055268602952,0.652240297572806,0.02367144057840914,0.7209372448569132,中性,,,-35667.77070324004,-51067.52567218762,-35667.77070324004,132514.6870444808,1
0.06772011280778027,0.8466558817122388,0.025431805481956945,0.9509811659011822,悲观,,,-331561.32395972277,-346961.0789286703,-331561.32395972277,132514.6870444808,1
0.3969834839100055,0.7094670594655267,0.012735842151183736,0.6997342916761784,中性,,,-335019.34154087346,-350419.096509821,-335019.34154087346,132514.6870444808,1
0.22106454244145868,0.7075545306329071,0.01484428278501012,0.8622426329772861,乐观,0.4771397733913225,20.0,160702.0440337006,-48968.0771321324,-736599.8811883024,397544.06113344233,3
0.2770966001067518,0.7926374827489576,0.008693214063526716,0.926446240616513,悲观,,,-471621.97109685815,-487021.7260658057,-471621.97109685815,132514.6870444808,1
0.10567666529412084,0.6636941400636707,0.021685724389611565,0.7473484330374058,中性,,,111255.58861052751,95855.83364157994,111255.58861052751,132514.6870444808,1
0.13881238372143612,0.7593777753918787,0.01644902525415452,0.6182322614670178,中性,,,-102966.52322486529,-118366.27819381286,-102966.52322486529,132514.6870444808,1
0.2564257452460811,0.7810525390581041,0.006882094156957182,0.8672223942746995,中性,,,-61944.59666724988,-77344.35163619746,-61944.59666724988,132514.6870444808,1
0.005773921111608838,0.6873429337002188,0.017438991432913987,0.7241606636120275,中性,,,89273.49094325394,529726.0868238613,-528900.7337885925,265029.3740889616,2
0.09626139022630578,0.8354710804340405,0.012161929534849498,0.8483454830337662,乐观,1.0084461064415065,18.0,286568.8260873046,666742.7278346401,-1060253.0991492367,530058.7481779231,4
0.15422245145749958,0.6612331860357129,0.018386138026472022,0.9981636246178001,乐观,1.7403479346672106,14.0,494900.09115604335,841198.2878944845,-725230.6200619424,530058.7481779231,4
0.0884088775776673,0.8313671622618206,0.013623795795501648,0.6641089920732366,中性,,,-15669.492132408064,-31069.24710135564,-15669.492132408064,132514.6870444808,1
0.2003474918107076,0.7794153338373626,0.02568481655588771,0.7346174703549693,中性,,,-85606.49224446435,-101006.24721341192,-85606.49224446435,132514.6870444808,1
0.14647658678505013,0.6602537351793031,0.014450377683408722,0.9800137852816538,中性,,,55904.965633423184,197977.347740997,-514078.43074644264,265029.3740889616,2
0.04329217473474727,0.8150784390502942,0.02908448374296303,0.9631780986177029,中性,,,123999.25441636093,555111.3517286889,-413048.38807083917,265029.3740889616,2
0.1505122977394125,0.7893626404422177,0.025398276554981235,0.9444949368073817,乐观,1.1408442859963026,16.0,279763.6670479448,486109.2199537257,-996525.5011040005,530058.7481779231,4
0.1821905513766951,0.6785259174968552,0.01922933566846941,0.6625715312133461,悲观,,,-486953.7009997846,-502353.45596873213,-486953.7009997846,132514.6870444808,1
0.19946713337154437,0.8072896280111908,0.026353682660159826,0.9131342215817214,乐观,0.7050026208323172,19.0,246944.97300258122,147452.1853771872,-581560.6465775731,397544.06113344233,3
0.30402750832835623,0.8187774552574735,0.005253439228517491,0.8504409247236842,悲观,,,-509951.6015386292,-525351.3565075768,-509951.6015386292,132514.6870444808,1
0.023466852933016424,0.6875389165053574,0.025582304036043755,0.8975397572400086,乐观,2.164147070615935,14.0,866034.9501941834,2015480.3975790679,-354095.76102380233,530058.7481779231,4
0.3915905034601642,0.8643881567297558,0.008323151274424978,0.9513530963699921,乐观,,,-7890.454716541593,-23290.209685489168,-7890.454716541593,132514.6870444808,1
0.34843434394387895,0.6864045481079579,0.007919795694332939,0.9695235518336327,悲观,,,-489222.8880951405,-504622.6430640881,-489222.8880951405,132514.6870444808,1
0.14744869241704048,0.7594363638785745,0.00811106319573911,0.608253715213019,乐观,,,80816.26396315446,65416.50899420689,80816.26396315446,132514.6870444808,1
0.3506628979339845,0.868961103044153,0.012114076731802962,0.6880406290981756,中性,,,-329138.7667853695,-344538.52175431704,-329138.7667853695,132514.6870444808,1
0.18132774759120274,0.6513438653274177,0.024481327813995823,0.9986668152568069,中性,,,51489.317527281804,87569.73351420861,-550780.868277803,265029.3740889616,2
0.1553034780049805,0.7442604543730889,0.007401928304302517,0.7064647273456047,中性,,,-34536.68694234559,-49936.441911293165,-34536.68694234559,132514.6870444808,1
0.17273920045387894,0.7808083389783465,0.026226641215935164,0.6900969210798448,悲观,,,-484984.2235278645,-500383.97849681205,-484984.2235278645,132514.6870444808,1
0.015290178113096298,0.6822005132736461,0.01926207462011006,0.9232739240151699,乐观,2.4090772116342722,13.0,991057.4171752008,2287010.2915262925,-229073.29404278495,530058.7481779231,4
0.2540452807899885,0.7467543805882144,0.008862867703903685,0.7605673357773917,中性,,,-129089.28557276231,-144489.0405417099,-129089.28557276231,132514.6870444808,1
0.3480103523428551,0.7668126505785458,0.01065489749886322,0.715520426726312,悲观,,,-557477.4612949686,-572877.2162639162,-557477.4612949686,132514.6870444808,1
0.3674341796276525,0.6620830030967525,0.005321156213897356,0.6731955734107474,乐观,,,-125949.41741071836,-141349.17237966595,-125949.41741071836,132514.6870444808,1
0.20938671465243253,0.8002023889704768,0.01394329188539337,0.627471194219668,乐观,,,-1704.0309259771457,-17103.78589492472,-1704.0309259771457,132514.6870444808,1
0.07675770885016298,0.6579342081308276,0.01931760339832984,0.6333156881538404,悲观,,,-439813.7415923316,-455213.4965612792,-439813.7415923316,132514.6870444808,1
0.3201508125930101,0.767986301436319,0.011037711306178574,0.7394505693438075,中性,,,-236843.36919297214,-252243.12416191972,-236843.36919297214,132514.6870444808,1
0.026541657902640736,0.6779553478239704,0.02040655087476424,0.842788693786843,乐观,1.8315501696495153,15.0,707153.4007145907,1719732.3044018126,-532191.1222790182,530058.7481779231,4
0.14981979250217986,0.6656186305226038,0.018438435871240697,0.8553387247047162,悲观,,,-394327.6960363448,-409727.45100529236,-394327.6960363448,132514.6870444808,1
0.2211447894140787,0.6974641091979835,0.02611825144702671,0.9340645983135318,中性,,,79513.33722494538,64113.58225599781,79513.33722494538,132514.6870444808,1
0.3866972762051216,0.8851457298679379,0.008231277223690487,0.747085521932987,中性,,,-338281.68786393467,-353681.4428328822,-338281.68786393467,132514.6870444808,1
0.033935123832577754,0.7418373209153929,0.011529302100414768,0.9808200883866817,中性,0.07674270175058195,27.0,162777.56004958588,655786.4966488585,-340672.31989170593,265029.3740889616,2
0.305068343419005,0.7428092872429217,0.008295301760470886,0.945260612064339,悲观,,,-476401.0621764892,-491800.81714543677,-476401.0621764892,132514.6870444808,1
0.02237634958978001,0.7374522574152904,0.02217245638796841,0.7366817181163103,悲观,,,-370883.932309044,-386283.68727799156,-370883.932309044,132514.6870444808,1
0.12713601349365952,0.7087954061576389,0.005135494995454949,0.8139207652721607,悲观,,,-401934.8778651543,-417334.63283410185,-401934.8778651543,132514.6870444808,1
0.11499851551866645,0.8038855592533795,0.023127892220574427,0.705382250742409,中性,,,-236.29673927375552,-15636.05170822133,-236.29673927375552,132514.6870444808,1
0.0987636952509861,0.8796532640758861,0.00976299317468507,0.6732722414534705,中性,,,-41665.92530063415,-57065.68026958173,-41665.92530063415,132514.6870444808,1
0.07572254368022767,0.687610029508546,0.007396988442527137,0.8560684992432998,中性,,,75884.31479580358,366135.6484119521,-510322.7916932519,265029.3740889616,2
0.2600651567511865,0.8355920019222551,0.013158950319814396,0.9673694934447686,中性,,,-15735.790641909392,-31135.545610856967,-15735.790641909392,132514.6870444808,1
0.3218834354324748,0.8230309193184107,0.013961391135814044,0.713212995225054,中性,,,-270704.63269223523,-286104.3876611828,-270704.63269223523,132514.6870444808,1
0.038812144213343384,0.7583073203758274,0.0060785245773809955,0.6015783840108778,乐观,0.12916920150491773,32.0,173028.92286894022,281593.7948696957,-364018.7196182599,265029.3740889616,2
0.27573474423515715,0.7848432672958325,0.013527550985576446,0.8282152058740296,乐观,,,115673.20458186703,100273.44961291946,115673.20458186703,132514.6870444808,1
0.26095205357754586,0.794595679508841,0.01650511257429195,0.7382788122603432,中性,,,-170591.969933038,-185991.72490198558,-170591.969933038,132514.6870444808,1
0.39239237640632574,0.7519418464449417,0.014805130100355019,0.771245388946017,中性,,,-299307.8072919301,-314707.56226087763,-299307.8072919301,132514.6870444808,1
0.39624990934739807,0.8196267818022418,0.013979611230264793,0.748600949530689,中性,,,-331350.8554336371,-346750.61040258466,-331350.8554336371,132514.6870444808,1
0.014684875032179879,0.7766759364851,0.025284523788069117,0.8642271172830043,悲观,,,-312505.8546467904,-327905.609615738,-312505.8546467904,132514.6870444808,1
0.291213696551348,0.8226700655196872,0.011563480391224927,0.849149862742774,中性,,,-141740.51690350324,-157140.27187245083,-141740.51690350324,132514.6870444808,1
0.33591504954247264,0.6826573548400259,0.009870962612788067,0.7943878015071221,悲观,,,-525117.2795264609,-540517.0344954085,-525117.2795264609,132514.6870444808,1
0.16623767904068265,0.8391725700799336,0.008717859849599954,0.7839794947746099,乐观,0.1127355908129446,28.0,165804.5101743519,100087.86480880644,-268410.32576155884,265029.3740889616,2
0.20236800536994576,0.7695977177893017,0.0189698395931042,0.6744017481330965,悲观,,,-503528.27680413675,-518928.0317730843,-503528.27680413675,132514.6870444808,1
0.2709418516460434,0.7449840343773848,0.012247665705386893,0.6125566479679591,乐观,,,-81311.48744415218,-96711.24241309975,-81311.48744415218,132514.6870444808,1
0.012931546337933099,0.8299959497799967,0.014549713974964525,0.8394751242018601,悲观,,,-335212.2772836272,-350612.03225257475,-335212.2772836272,132514.6870444808,1
0.06215986649282926,0.7780131202003874,0.02239044237385359,0.6781973179780586,中性,,,58865.379032328055,43465.624063380485,58865.379032328055,132514.6870444808,1
0.1778619881165583,0.701834995779071,0.019126236156303274,0.6583742747126803,中性,,,-97720.21126065406,-113119.96622960163,-97720.21126065406,132514.6870444808,1
0.0453726045463998,0.7665301781252329,0.01278997637188892,0.780898516832614,中性,,,95143.49437523811,416553.2369453496,-554367.9700809403,265029.3740889616,2
0.36317324912743715,0.7675845439895511,0.02546247259692186,0.690260957164686,中性,,,-316592.10728271696,-331991.8622516645,-316592.10728271696,132514.6870444808,1
0.03003575225327637,0.7509794707571584,0.021717497176873275,0.9352668136437585,中性,0.00916058412079157,31.0,136058.08933429385,611460.5692593004,-384274.24840369815,265029.3740889616,2
0.2560290678372314,0.6925440986280675,0.0059301509558359845,0.9166752580709264,悲观,,,-447607.17392744403,-463006.9288963916,-447607.17392744403,132514.6870444808,1
0.03646781421310097,0.8750149570175829,0.029088034101479414,0.8465029166409979,中性,,,81756.29960962819,440478.1164905133,-536417.9251222183,265029.3740889616,2
0.3332958163856208,0.699132790240499,0.015734808185742046,0.7428069196002407,乐观,,,-24864.373811206686,-40264.128780154264,-24864.373811206686,132514.6870444808,1
0.3679109661449095,0.80621262231768,0.007768503506817296,0.792877115863321,悲观,,,-552459.0072541549,-567858.7622231025,-552459.0072541549,132514.6870444808,1
0.35396626527379277,0.6832166717638885,0.006357756896517684,0.8817716134200313,中性,,,-167500.44896999976,-182900.20393894735,-167500.44896999976,132514.6870444808,1
0.3353459550412338,0.6679111114806349,0.025026903315196063,0.6149339011376633,悲观,,,-568701.4644824251,-584101.2194513727,-568701.4644824251,132514.6870444808,1
0.18452630069241188,0.7031099095233565,0.019842967675163265,0.6103267976845882,悲观,,,-509285.2983745416,-524685.0533434892,-509285.2983745416,132514.6870444808,1
0.2908593984687762,0.7004396389981549,0.02141042809151834,0.8999688646003035,悲观,,,-474806.37692685483,-490206.1318958024,-474806.37692685483,132514.6870444808,1
0.3079015817856957,0.7144210923107087,0.014738648954993706,0.6346556769181266,乐观,,,-97878.23522070219,-113277.99018964976,-97878.23522070219,132514.6870444808,1
0.2242915145303056,0.7711196666833213,0.02921387027256889,0.7338023039762683,乐观,,,107947.09576742824,92547.34079848067,107947.09576742824,132514.6870444808,1
0.2878751524258417,0.8728467526045374,0.02769505131906149,0.9964119220104278,悲观,,,-472078.25505819503,-487478.0100271426,-472078.25505819503,132514.6870444808,1
0.31840655683663804,0.8430786451874008,0.02110933820446217,0.7115443832952808,乐观,,,-85259.20543663294,-100658.96040558051,-85259.20543663294,132514.6870444808,1
0.08176885515608384,0.7698980908060253,0.018037177820479654,0.6647317379344155,中性,,,19352.15622965248,3952.4012607049044,19352.15622965248,132514.6870444808,1
0.03554686567209591,0.8163434669232106,0.026215387407265922,0.7397585700329599,中性,,,150736.75178562518,135336.9968166776,150736.75178562518,132514.6870444808,1
0.06270960325913992,0.8530277603486909,0.028800792463830615,0.6610774773999107,中性,,,7548.126723108915,-7851.6282458386595,7548.126723108915,132514.6870444808,1
0.20233243862261033,0.7775598396397709,0.022662242965017204,0.7954961997345749,中性,,,-35727.268205750435,-51127.02317469801,-35727.268205750435,132514.6870444808,1
0.09236040776455089,0.7408415831572713,0.02663100875178755,0.6439610046593542,中性,,,-7151.480827486528,-22551.235796434103,-7151.480827486528,132514.6870444808,1
0.07371482489395609,0.8531695035016092,0.019476098846338743,0.7612195130681084,悲观,,,-414771.0027561134,-430170.757725061,-414771.0027561134,132514.6870444808,1
0.17473787967585377,0.8798269582212181,0.017730232243590514,0.787795812679944,中性,,,-43401.55633480391,-58801.311303751485,-43401.55633480391,132514.6870444808,1
0.1516188283327627,0.7525817479713905,0.013423693289290477,0.6603679021317566,中性,,,-76539.88689628031,-91939.64186522788,-76539.88689628031,132514.6870444808,1
0.34921236555344953,0.8673422358182638,0.02702007345094449,0.7807135209751972,中性,,,-273827.65641385247,-289227.4113828,-273827.65641385247,132514.6870444808,1
0.2551694998403294,0.8791291788574476,0.023176266204215125,0.7979394246360626,中性,,,-148532.13528522954,-163931.89025417712,-148532.13528522954,132514.6870444808,1
0.3090151649817588,0.870624622718737,0.02408039384930385,0.7732762222543622,中性,,,-231478.63980553957,-246878.39477448715,-231478.63980553957,132514.6870444808,1
0.19995266589183652,0.7287627067053133,0.02856911481719535,0.8031863373799849,中性,,,-7950.903089072293,-23350.658058019868,-7950.903089072293,132514.6870444808,1
0.13927848726194517,0.8034576776699841,0.018001281965523693,0.6516195691593026,乐观,,,128969.52219393893,113569.76722499136,128969.52219393893,132514.6870444808,1
0.14360513285751939,0.7538188231899571,0.010141676416589477,0.8213592830471557,中性,,,88669.83742355212,73270.08245460455,88669.83742355212,132514.6870444808,1
0.3524661282503758,0.6623858395933431,0.029333297742484457,0.8815270968081427,中性,,,-159995.4145037942,-175395.16947274178,-159995.4145037942,132514.6870444808,1
0.08178990200558643,0.7210611004771035,0.026893143791661057,0.7165560692783801,中性,,,94149.54410995531,78749.78914100774,94149.54410995531,132514.6870444808,1
0.28229522169689303,0.8592775672937325,0.021464279058652603,0.9012436786137691,悲观,,,-491048.60569218564,-506448.3606611332,-491048.60569218564,132514.6870444808,1
0.35096313107645555,0.7161726040683466,0.008209454101412892,0.9904977161362677,悲观,,,-489129.89294645406,-504529.6479154016,-489129.89294645406,132514.6870444808,1
0.054660788031190594,0.8002450160244288,0.012971578737402383,0.6533396820721973,中性,,,33122.83082112089,17723.07585217332,33122.83082112089,132514.6870444808,1
0.3035940908888942,0.8403676098097176,0.008887815025306809,0.8227468271759769,乐观,,,38661.39906859209,23261.644099644513,38661.39906859209,132514.6870444808,1
0.0644348045696741,0.699843740424962,0.00506028493579194,0.8098536625581152,悲观,,,-359094.3754347554,-374494.13040370296,-359094.3754347554,132514.6870444808,1
0.28969703029075966,0.8809313253482254,0.010218887224976755,0.8596388047054131,悲观,,,-508721.5360418137,-524121.2910107613,-508721.5360418137,132514.6870444808,1
0.0072027435918816,0.8320530066115004,0.01585011691627232,0.9787147446058613,中性,0.07215339975292245,29.0,160668.53521538945,709324.5968528972,-342781.34472590237,265029.3740889616,2
0.0629931475902736,0.7579458660313467,0.010072294870150413,0.9512117090746298,中性,,,104750.73404947601,477915.35767488426,-432296.9084377241,265029.3740889616,2
0.13649552186188144,0.7766768774737137,0.021737004705325712,0.9131430866581701,悲观,,,-382013.33737822814,-397413.0923471757,-382013.33737822814,132514.6870444808,1
0.009007536798098714,0.6774686473207736,0.014874907754314073,0.7866826440328368,悲观,,,-325652.1989342821,-341051.9539032297,-325652.1989342821,132514.6870444808,1
0.1644612551598421,0.7559894687268394,0.0077272490919371665,0.9666639840782936,中性,,,96069.77138793845,121008.53546295143,-568877.9965628126,265029.3740889616,1
0.15541421218251283,0.7716577240333296,0.012854937161720169,0.9417324126578372,中性,,,171416.21165263915,156016.45668369156,171416.21165263915,132514.6870444808,1
0.1979583257574174,0.8686124967429434,0.02594949245585169,0.9251207565703398,悲观,,,-436291.34322790825,-451691.0981968558,-436291.34322790825,132514.6870444808,1
0.06124924458734271,0.8156231647310594,0.016716056408534897,0.8734850851827374,乐观,1.41137450205364,16.0,477294.6445573914,1160011.404847452,-798994.5235945539,530058.7481779231,4
0.11812540293790037,0.7183161039494741,0.01727078915645459,0.709419725410599,中性,,,32401.985638200327,17002.230669252753,32401.985638200327,132514.6870444808,1
0.29869217835228673,0.7632893470527786,0.02309499413996608,0.8041750276283105,中性,,,-163858.55685879302,-179258.3118277406,-163858.55685879302,132514.6870444808,1
0.08998729911829013,0.82732233102393,0.022878100586425445,0.706642282819671,中性,,,27594.983143584086,12195.228174636512,27594.983143584086,132514.6870444808,1
0.34212466714976064,0.7098854352733853,0.02339949460036691,0.9815866868587548,乐观,,,44558.43901059225,-145603.9295687531,-299146.0370418262,265029.3740889616,2
0.16060803307211047,0.7957298559171533,0.029794253356317597,0.8273749645502874,悲观,,,-432487.94908670016,-447887.7040556477,-432487.94908670016,132514.6870444808,1
0.018172301911504363,0.8396754823385668,0.015590708135046153,0.6987251562516777,中性,,,119605.95187711023,104206.19690816266,119605.95187711023,132514.6870444808,1
0.30294914661858097,0.761659360552119,0.02671248731314691,0.8939702355110797,乐观,,,2266.934947023503,-238800.0858653498,-449515.8542707892,265029.3740889616,2
0.35540150671593734,0.7110913308286422,0.021476480820063832,0.6082172138112575,乐观,,,-181846.86344038913,-197246.61840933672,-181846.86344038913,132514.6870444808,1
0.10440244352103863,0.8095508224696601,0.026228840529989132,0.6641858650911886,乐观,,,100016.8556323729,70408.28799168393,-486190.25085668254,265029.3740889616,2
0.00489826631632897,0.7560745131404978,0.01680094056327846,0.7496362853034944,中性,,,90474.5241150135,534405.5237971189,-527699.7006168329,265029.3740889616,2
0.3659369394810528,0.7284773874320694,0.019481497179160603,0.9509850102973292,乐观,,,94576.25879473821,79176.50382579064,94576.25879473821,132514.6870444808,1
0.0162933059221984,0.876269783390639,0.006166172606465318,0.8355033897497318,中性,,,83085.5476473139,502780.2405979331,-519184.63815777085,265029.3740889616,2
0.31455609228092646,0.6856263324437547,0.009484259801567595,0.9008427730953442,悲观,,,-486676.3775305325,-502076.13249948004,-486676.3775305325,132514.6870444808,1
0.18777805082625584,0.8255955416506237,0.021281048219567028,0.6842416744452381,中性,,,-128707.40028481808,-144107.15525376567,-128707.40028481808,132514.6870444808,1
0.38758996129641643,0.7576809488371722,0.006111436910909513,0.6878339597865331,中性,,,-341453.03278072685,-356852.7877496744,-341453.03278072685,132514.6870444808,1
0.3997957617178344,0.7226459713944605,0.005659896219563624,0.8051686310221344,悲观,,,-556276.8302475912,-571676.5852165389,-556276.8302475912,132514.6870444808,1
0.10962703947828874,0.8881719622625455,0.02261596297325386,0.6202666517131481,中性,,,-111415.31325895846,-126815.06822790603,-111415.31325895846,132514.6870444808,1
0.06865500505153972,0.6795067175365092,0.01967663533372005,0.8022623558560863,中性,,,75360.53267358571,352363.11726336705,-542813.6920582608,265029.3740889616,2
0.3569224912927439,0.7092036457835988,0.028074799666384924,0.8071967090216382,中性,,,-224804.70025003713,-240204.45521898472,-224804.70025003713,132514.6870444808,1
0.33831433524104376,0.6585271803269654,0.018987734436824014,0.8886486140119867,中性,,,-133323.18224883324,-148722.93721778083,-133323.18224883324,132514.6870444808,1
0.34539676702528715,0.7076682952059163,0.025996857068293477,0.6314179855329829,悲观,,,-571435.6100303105,-586835.3649992581,-571435.6100303105,132514.6870444808,1
0.15239383356076328,0.854973323071563,0.008614634128169561,0.9501752959176966,悲观,,,-395403.69001697015,-410803.4449859177,-395403.69001697015,132514.6870444808,1
0.1810033594378115,0.734656257022481,0.007953155665363087,0.9777238958076561,中性,,,173358.11427014408,157958.3593011965,173358.11427014408,132514.6870444808,1
0.2761325045424778,0.7880642423993675,0.017542897921305183,0.8466310494227396,乐观,,,131838.03380587997,116438.2788369324,131838.03380587997,132514.6870444808,1
0.2797249502776438,0.7777952190692531,0.021129649016649408,0.8425577122036086,中性,,,-114349.58468377317,-129749.33965272074,-114349.58468377317,132514.6870444808,1
0.24990560405218015,0.7564567520393993,0.02394035944679781,0.9875649934089142,乐观,0.7041738490418255,17.0,212967.7968389785,30609.345490771055,-562429.5213904033,397544.06113344233,3
0.3282943145699922,0.7944221352942764,0.023733299701768514,0.6712193181030217,中性,,,-297102.37321118696,-312502.1281801345,-297102.37321118696,132514.6870444808,1
0.10292190599654574,0.6508387954662433,0.0291684393668019,0.9455394247407365,中性,,,70258.72201585154,336467.21104350884,-466788.92047134857,265029.3740889616,2
0.10166091524760273,0.8163140504478168,0.015870027113748186,0.9213398133690798,乐观,1.3562082731467706,16.0,411172.6723896,888624.5375477403,-865116.4957623454,530058.7481779231,4
0.13963304299594803,0.7086567304347314,0.011684562219868955,0.6373384982722687,中性,,,-68564.31787358661,-83964.07284253418,-68564.31787358661,132514.6870444808,1
0.006970021086763723,0.6774549337763062,0.011792393681816758,0.6639451103637922,中性,,,166109.515947668,150709.7609787204,166109.515947668,132514.6870444808,1
0.042241916347160124,0.857838585205886,0.010527862592773822,0.6434362467886271,悲观,,,-446934.1376429957,-462333.89261194324,-446934.1376429957,132514.6870444808,1
0.28608200172885856,0.7115880190252502,0.017737465128444367,0.6446464186688623,乐观,,,-57203.56892740478,-72603.32389635236,-57203.56892740478,132514.6870444808,1
0.050153895627982115,0.7488622223940508,0.026291237558361647,0.6979547793921628,中性,,,111179.21233950241,95779.45737055484,111179.21233950241,132514.6870444808,1
0.3233998063562932,0.715601517726083,0.005071782777370325,0.77116548819598,悲观,,,-528048.8987979816,-543448.6537669292,-528048.8987979816,132514.6870444808,1
0.36391691353174677,0.804035173803013,0.019575356655531055,0.6806358043449452,中性,,,-331213.1501441094,-346612.90511305694,-331213.1501441094,132514.6870444808,1
0.2709018574713383,0.6645112577420876,0.027021163270264312,0.8317653451719222,乐观,,,69534.84616889698,-110503.23725097605,-346936.35695229267,265029.3740889616,2
0.10516562885153768,0.6792914719408291,0.022561239329669615,0.9175530745020648,中性,,,67130.05097815803,301109.99540988746,-502853.3454017078,265029.3740889616,2
0.009476910126524497,0.8463809659169275,0.010152347658261018,0.7356127767589953,中性,,,170849.79969018832,155450.04472124073,170849.79969018832,132514.6870444808,1
0.03998188768452109,0.6672789838732311,0.005642594289381856,0.9666559440957821,中性,0.10468740417033118,26.0,174397.29667117726,664387.0369269555,-329052.58327011456,265029.3740889616,2
0.26426352604685277,0.8874164597642582,0.021736269839048587,0.810037918342472,中性,,,-155390.15779887958,-170789.91276782716,-155390.15779887958,132514.6870444808,1
0.15076685938222067,0.7939471174292205,0.028969784738642607,0.9152176134793241,中性,,,145464.69092352805,130064.93595458048,145464.69092352805,132514.6870444808,1
0.1329779316130133,0.8620475671095491,0.008394645640664845,0.9398341027857207,中性,,,164133.13305252165,148733.37808357406,164133.13305252165,132514.6870444808,1
0.2862516943103671,0.8434929393859593,0.016924912931586815,0.6769135904569097,乐观,,,-73760.09544326877,-89159.85041221634,-73760.09544326877,132514.6870444808,1
0.1470033380213259,0.7269632625158047,0.01775040455883599,0.7740344964415671,中性,,,48843.052354984844,33443.29738603727,48843.052354984844,132514.6870444808,1
0.05487912334906615,0.7545655169714895,0.027292545280630097,0.6144250837758901,中性,,,7345.366198847674,-8054.3887700999,7345.366198847674,132514.6870444808,1
0.2642127865540841,0.8630506608900765,0.01984465567332939,0.9297937084957314,悲观,,,-473918.6282669189,-489318.38323586644,-473918.6282669189,132514.6870444808,1
0.14112377449114383,0.8761117457427303,0.027149377827317155,0.8231811930754818,中性,,,39290.59974858887,23890.8447796413,39290.59974858887,132514.6870444808,1
0.18042695658178343,0.6641095187760838,0.027309427598914172,0.9272598033661342,中性,,,159030.37138103,143630.61641208243,159030.37138103,132514.6870444808,1
0.11177598908778937,0.7323009455423674,0.008079014646822237,0.888715896522289,中性,,,65855.85605730394,236883.7654963003,-552318.3686745425,265029.3740889616,2
0.09364136912995798,0.7995213372986456,0.029480755356374365,0.6489580541904717,中性,,,-25820.277554599284,-41220.03252354686,-25820.277554599284,132514.6870444808,1
0.1976635283688507,0.6900313313177125,0.01828950527493287,0.8423909034192361,悲观,,,-434203.7003906163,-449603.4553595639,-434203.7003906163,132514.6870444808,1
0.06188955960355056,0.8555236917521014,0.01278468591675112,0.8521333548314524,中性,,,76126.34737726425,353488.3224141644,-557794.4505493958,265029.3740889616,2
0.335668350233054,0.8275747114955656,0.026014410835956944,0.8500859158602663,中性,,,-203681.48743525,-219081.24240419758,-203681.48743525,132514.6870444808,1
0.15742660852522988,0.7409671439987446,0.015459827447728943,0.6517237008615081,中性,,,-88751.30641308165,-104151.06138202922,-88751.30641308165,132514.6870444808,1
0.15577796288104848,0.6582971991963755,0.0118782688831585,0.9007627898960867,中性,,,93028.22036038981,134286.61401318514,-571919.5475903612,265029.3740889616,1
0.3224669987024121,0.7802451306513836,0.026352094136881686,0.9184268398406867,悲观,,,-498008.292283375,-513408.04725232255,-498008.292283375,132514.6870444808,1
0.39080254720639696,0.6535393872563189,0.01992095094824046,0.9170046037267049,中性,,,-191710.59087535267,-207110.34584430026,-191710.59087535267,132514.6870444808,1
0.23942791691886317,0.7369094074033876,0.006515374375187548,0.6033846076357323,悲观,,,-539131.8757067174,-554531.630675665,-539131.8757067174,132514.6870444808,1
0.03936383764801872,0.7966135465745,0.01814663077406283,0.7821853200692568,中性,,,92018.07970290526,425133.0490660028,-557493.3847532731,265029.3740889616,2
0.006730454804979358,0.7150360355397755,0.024434818282190695,0.9639908426068474,中性,0.1564830517232796,26.0,196078.85358036187,775452.4541843995,-290319.74398626277,265029.3740889616,2
0.03259359205538655,0.8416948974148372,0.02712926083181834,0.7654641082774878,悲观,,,-384858.0277511584,-400257.78272010596,-384858.0277511584,132514.6870444808,1
0.017588667289178118,0.7918598772547655,0.02774673726406248,0.8711552102081302,中性,,,107541.37942225674,573896.3297270983,-446056.0697473276,265029.3740889616,2
0.25715532971598676,0.8496964177875261,0.016895751483736447,0.9278993959991354,中性,,,-45151.381391468145,-60551.13636041572,-45151.381391468145,132514.6870444808,1
0.13940227143830827,0.789917270210853,0.01661716044236203,0.9908447681844332,中性,,,62439.77770636404,190045.2644711248,-539830.4080987207,265029.3740889616,2
0.15406881156640861,0.7447840503508487,0.018698498765327913,0.7419648152032782,中性,,,618.9451642852218,-14780.809804662353,618.9451642852218,132514.6870444808,1
0.15226517108065638,0.7421946527660583,0.020424331234420116,0.6243387490784039,中性,,,-108948.31686620839,-124348.07183515596,-108948.31686620839,132514.6870444808,1
0.20198888686347485,0.758726267428794,0.022981324767698784,0.9033023128019444,乐观,0.7355372192140328,18.0,253809.38770775235,169033.27034800634,-540423.1542993209,397544.06113344233,3
0.14992124832697892,0.7284890461408114,0.022858552537362988,0.8327219436561784,中性,,,99340.0287208987,83940.27375195113,99340.0287208987,132514.6870444808,1
0.22220916284233413,0.8354463255689251,0.009751022212303829,0.8222848530965587,悲观,,,-476402.9063618784,-491802.66133082594,-476402.9063618784,132514.6870444808,1
0.16290077571639677,0.809358517619858,0.01732679020785426,0.7518366146688725,乐观,0.008801526294484718,34.0,134599.93113329224,55573.45434040904,-334576.8712349185,265029.3740889616,2
0.3091302857989914,0.77630978840009,0.028751328891887196,0.7697461157739975,乐观,,,8724.368489085165,-6675.386479862409,8724.368489085165,132514.6870444808,1
0.06717449592056716,0.7185901945065433,0.01345213953334887,0.6423283010818093,中性,,,34962.463203382256,19562.70823443468,34962.463203382256,132514.6870444808,1
0.07690405365059827,0.802204613467918,0.009752308989325456,0.6494025029357101,乐观,0.06898918090508466,33.0,150223.01291804807,188451.52015151698,-386824.629569152,265029.3740889616,2
0.2632961223244425,0.8747482195300372,0.0172471947998308,0.6133609852253497,中性,,,-288732.77112185693,-304132.5260908045,-288732.77112185693,132514.6870444808,1
0.2233315547342834,0.6535941454247826,0.02653105111004579,0.8479882722465699,中性,,,18950.897815484477,3551.1428465369027,18950.897815484477,132514.6870444808,1
0.19756844246300587,0.7984165850979832,0.011436747330713105,0.9895031071074589,中性,,,124680.8831192308,109281.12815028323,124680.8831192308,132514.6870444808,1
0.06493064853505164,0.6634197004099106,0.020904298327134276,0.9933519404705823,乐观,2.4841666960374087,13.0,937803.1391614912,1946200.3159143908,-262921.6221631152,530058.7481779231,4
0.28084182699456545,0.8877435029582866,0.02307070655105266,0.7357004493605583,中性,,,-227718.63166389958,-243118.38663284716,-227718.63166389958,132514.6870444808,1
0.03190665699422462,0.7032037976534098,0.015438505898212305,0.6807273974252182,乐观,0.8635643780780409,21.0,285170.59990668343,942805.683940564,-1217881.777780418,530058.7481779231,4
0.3982390106978598,0.7390246208291997,0.022730724651929966,0.7631082922652962,悲观,,,-565706.4208407836,-581106.1758097312,-565706.4208407836,132514.6870444808,1
0.13477073908084344,0.7060092076917592,0.013201955510185492,0.6860086753590866,悲观,,,-456377.38665459515,-471777.1416235427,-456377.38665459515,132514.6870444808,1
0.08697137174496516,0.8673816876391622,0.007130541894413218,0.7299026575020938,中性,,,37175.85105010103,21776.096081153457,37175.85105010103,132514.6870444808,1
0.14180506247134272,0.774225702804533,0.006085501505858849,0.8594278533457511,中性,,,118583.23805395319,103183.48308500562,118583.23805395319,132514.6870444808,1
0.2723865063418766,0.7861418757985369,0.01594758956064158,0.740056616917633,悲观,,,-519366.1160179668,-534765.8709869144,-519366.1160179668,132514.6870444808,1
0.20002709072264505,0.6562525885706016,0.013206020702483143,0.8711489174258118,悲观,,,-421089.92284903734,-436489.6778179849,-421089.92284903734,132514.6870444808,1
0.025156496927811436,0.8065228652699277,0.014944368028558756,0.9207300146197525,乐观,1.9528268624966225,14.0,764865.9251459719,1833837.8328869604,-474478.5978476369,530058.7481779231,4
0.3828161814930308,0.752142284934603,0.011608180606875807,0.8434454954969912,中性,,,-247500.8497579238,-262900.60472687136,-247500.8497579238,132514.6870444808,1
0.2489379744303587,0.7272268672925315,0.006593793410432576,0.6840019355302396,悲观,,,-517914.9297702754,-533314.684739223,-517914.9297702754,132514.6870444808,1
0.04956013831332409,0.8723079970571775,0.005346191149349198,0.8407430956945287,乐观,1.1697160542841414,18.0,383602.1943381721,1038301.0650383538,-929265.8304061858,530058.7481779231,4
0.14402125099765115,0.776503541401391,0.02239459158687899,0.7268678778632955,中性,,,-10738.41430708416,-26138.169276031735,-10738.41430708416,132514.6870444808,1
0.32684114013310084,0.8288853596672633,0.025211235287321016,0.9949360654510624,中性,,,-101784.17550673976,-117183.93047568733,-101784.17550673976,132514.6870444808,1
0.29883650517430926,0.794668296104476,0.021665119180529907,0.8959495619331738,中性,,,-111002.91662990497,-126402.67159885254,-111002.91662990497,132514.6870444808,1
0.3542980597179279,0.7338372020566533,0.021337033902797765,0.7121161726387424,中性,,,-286070.0230563509,-301469.77802529844,-286070.0230563509,132514.6870444808,1
0.3004700560687712,0.8398402606787937,0.015503112574728067,0.8034880892805439,中性,,,-190983.1049097122,-206382.85987865977,-190983.1049097122,132514.6870444808,1
0.0676145386158522,0.7125241772462078,0.02780342512249561,0.7235878169637264,乐观,0.8712008297676079,20.0,266946.93918066315,730115.3917423941,-1200941.6980770985,530058.7481779231,4
0.0965912340861527,0.8235370609954508,0.019347582339295892,0.8787480198099193,中性,,,81203.37706181181,264162.2164079095,-568308.0873943665,265029.3740889616,2
0.2826994334390357,0.8673312916245102,0.019086737401562033,0.6271395131615981,中性,,,-297055.71387662325,-312455.4688455708,-297055.71387662325,132514.6870444808,1
0.2832875921635056,0.7685779107141616,0.01871379956549217,0.8386321821521165,中性,,,-119307.47259630187,-134707.22756524946,-119307.47259630187,132514.6870444808,1
0.3095582100351421,0.8236483721351717,0.022857485304827847,0.8861240696139778,乐观,,,94500.3459273519,79100.59095840433,94500.3459273519,132514.6870444808,1
0.23815711177730978,0.88209732787927,0.007979817109765946,0.8527835906375457,中性,,,-85378.2539424107,-100778.00891135827,-85378.2539424107,132514.6870444808,1
0.19088816438174383,0.7191700127496647,0.018750936317777474,0.745899072116281,乐观,,,112322.96891466263,-4858.585385229075,-356853.83345354814,265029.3740889616,2
0.14271696501330197,0.6921696782485109,0.01940972850413632,0.7583970365521477,悲观,,,-431015.37341082253,-446415.1283797701,-431015.37341082253,132514.6870444808,1
0.22593694039916334,0.7790831386797683,0.009329927165829878,0.8390552675839371,中性,,,-36163.05331472436,-51562.80828367194,-36163.05331472436,132514.6870444808,1
0.3094450492166364,0.7367767831622323,0.011218988091590982,0.9804879547883102,中性,,,-49617.67936709808,-65017.434336045655,-49617.67936709808,132514.6870444808,1
0.010855983553672122,0.8469708041868184,0.00991895152297352,0.9144145270583374,中性,,,115047.04958125747,608739.2674011483,-422000.59290594264,265029.3740889616,2
0.3875254897052629,0.8817390323826864,0.011860265616393998,0.9065798324893674,中性,,,-255954.69193269563,-271354.4469016432,-255954.69193269563,132514.6870444808,1
0.2516791755318377,0.7934590603891024,0.006363587890529116,0.602072699934143,悲观,,,-550043.7506055055,-565443.5055744532,-550043.7506055055,132514.6870444808,1
0.05117681901269644,0.7118365979234657,0.02767388058106406,0.8074530701386745,乐观,1.38005329873467,16.0,473967.3493566349,1193377.0322585702,-802321.8187953104,530058.7481779231,4
0.33532470084288324,0.8263863436617299,0.014784628110514297,0.9455437575363931,中性,,,-144355.73074451034,-159755.48571345792,-144355.73074451034,132514.6870444808,1
0.297260577362021,0.8663778385197367,0.019966586811442092,0.8114297719848707,乐观,,,25996.145456144965,10596.39048719739,25996.145456144965,132514.6870444808,1
0.18178469126567876,0.8447769670469223,0.006346159011120193,0.6005159777825289,中性,,,-200782.5441993988,-216182.2991683464,-200782.5441993988,132514.6870444808,1
0.029444757526552092,0.8843703232287352,0.005137529350994969,0.8872598545994586,悲观,,,-339338.8242021502,-354738.5791710978,-339338.8242021502,132514.6870444808,1
0.3870208021088225,0.7415699961506951,0.0056820856565966285,0.610774306163513,中性,,,-380842.95894095604,-396242.7139099036,-380842.95894095604,132514.6870444808,1
0.39468479161251246,0.8851456484109727,0.013431824307231645,0.7930814596755588,悲观,,,-571707.0421499845,-587106.7971189321,-571707.0421499845,132514.6870444808,1
0.20887074239669268,0.7939283837715856,0.011276541640283026,0.8448457743660696,乐观,0.2302601382523446,23.0,197248.43900087147,111664.18911397396,-183201.41514315308,265029.3740889616,2
0.00038213336939221245,0.7049441058339067,0.010247989083098452,0.6495544812135308,悲观,,,-394123.09738537454,-409522.8523543221,-394123.09738537454,132514.6870444808,1
0.2503650181461551,0.6746466536361543,0.023463290225518043,0.9548090362233533,乐观,0.7172433541277778,17.0,214859.56354738388,43718.80825558034,-543143.7415315999,397544.06113344233,3
0.26407032572788036,0.6973751385520679,0.007132414388497697,0.6928099815227998,乐观,,,30480.353743125102,15080.598774177528,30480.353743125102,132514.6870444808,1
0.3849380807002849,0.7416605321404022,0.013144788527438764,0.8040042329036261,中性,,,-269838.6632263431,-285238.41819529067,-269838.6632263431,132514.6870444808,1
0.39186498066222536,0.7030931336058986,0.014228567054569215,0.7717483502800713,悲观,,,-558204.2301631885,-573603.9851321361,-558204.2301631885,132514.6870444808,1
0.15312993070805195,0.8556153728244736,0.008509025036418962,0.8336087803304749,中性,,,39612.96471057586,24213.20974162829,39612.96471057586,132514.6870444808,1
0.0682146904469819,0.6529606794678094,0.011833582587247505,0.6247315842792007,中性,,,36153.14298489344,20753.388015945868,36153.14298489344,132514.6870444808,1
0.3240839422797383,0.8227244626106269,0.02868459279254417,0.7708061669348276,中性,,,-236729.03382136888,-252128.78879031647,-236729.03382136888,132514.6870444808,1
0.2661366888408081,0.7020911127579823,0.012589562630816462,0.8119318133591041,乐观,,,152390.12621152075,136990.37124257316,152390.12621152075,132514.6870444808,1
0.18472509378517304,0.7046579686821266,0.029836642257009244,0.6462315225414673,乐观,,,95480.42977229168,80080.67480334411,95480.42977229168,132514.6870444808,1
0.32361851537219555,0.8513344446338844,0.024872939577287485,0.6832683765218488,中性,,,-299102.587028032,-314502.34199697955,-299102.587028032,132514.6870444808,1
0.30269992498037274,0.8289645901043964,0.011789134263601939,0.6724477551054725,中性,,,-277341.2524341021,-292741.0074030497,-277341.2524341021,132514.6870444808,1
0.19193779215095674,0.7877073792952825,0.025923759057979008,0.9076136910818464,中性,,,71075.57723704416,55675.822268096585,71075.57723704416,132514.6870444808,1
0.10539571717710423,0.7649313197443864,0.013385896853199027,0.6939712718202137,悲观,,,-445206.9136669551,-460606.66863590264,-445206.9136669551,132514.6870444808,1
0.13578478822827625,0.7114679042515092,0.019297558174170414,0.6249207081134849,中性,,,-76864.15394273234,-92263.90891167992,-76864.15394273234,132514.6870444808,1
0.017907795995366137,0.8039402970832247,0.01920473896421562,0.7349920092297892,悲观,,,-381471.79608356697,-396871.5510525145,-381471.79608356697,132514.6870444808,1
0.3831679331074941,0.7902541873732672,0.021977834164301695,0.8125395013077807,乐观,,,-71728.89325051274,-87128.64821946032,-71728.89325051274,132514.6870444808,1
0.35855201981924856,0.7418505304634312,0.022250632805765263,0.6919549938185587,中性,,,-304896.50018164545,-320296.255150593,-304896.50018164545,132514.6870444808,1
0.15966225199062106,0.6516275838563133,0.028888196710565518,0.9473766182154876,中性,,,68440.67244045276,140835.70670523623,-549733.5522913937,265029.3740889616,2
0.3991029256931442,0.7261106418935682,0.016471104661476867,0.9405036104697668,中性,,,-208603.9839821197,-224003.7389510673,-208603.9839821197,132514.6870444808,1
0.18021611375500002,0.8097409201095813,0.008261688869310705,0.768940147476687,中性,,,-38182.90218178786,-53582.65715073544,-38182.90218178786,132514.6870444808,1
0.2707097223459272,0.6826326536144892,0.010818286977523434,0.884550481500993,悲观,,,-464962.2627475499,-480362.0177164975,-464962.2627475499,132514.6870444808,1
0.1688077048959559,0.8210913733022285,0.024136709610750134,0.6379524714686674,乐观,,,59263.54407308243,43863.78910413485,59263.54407308243,132514.6870444808,1
0.28958892045198653,0.7314307012863953,0.024095071308256,0.8913195461362635,中性,,,-78447.66778079537,-93847.42274974294,-78447.66778079537,132514.6870444808,1
0.22339246936233775,0.8263288373359006,0.029981497542636362,0.8314208997263541,乐观,,,90146.9349325081,-60229.64907483265,-361635.8542853046,265029.3740889616,2
0.29770948692623317,0.8553940164881182,0.028863121534603457,0.6772332829843261,悲观,,,-554762.3522390662,-570162.1072080138,-554762.3522390662,132514.6870444808,1
0.23454073136596035,0.7578308150927611,0.01926806732297923,0.9192170937942035,乐观,0.5326288410758093,19.0,172337.7498478904,-45186.16854146277,-689765.6322781723,397544.06113344233,3
0.16696633007942327,0.8223038349304699,0.009919979696035235,0.8138207797418094,悲观,,,-445470.7617624239,-460870.51673137146,-445470.7617624239,132514.6870444808,1
0.2015002268532388,0.78088075019012,0.023386133394458282,0.8597939160827966,中性,,,17923.898065091584,2524.143096144009,17923.898065091584,132514.6870444808,1
0.0022923602852485295,0.6777166096695078,0.029326516337936308,0.9689332633261223,中性,0.19447480893515268,27.0,211840.0652797487,809208.6283441584,-257336.73708846205,265029.3740889616,2
0.10354117596955509,0.754739910485609,0.02224850074030182,0.7427310690631894,悲观,,,-422865.46159287373,-438265.2165618213,-422865.46159287373,132514.6870444808,1
0.16111803697775856,0.7125413586755437,0.013123250280280295,0.6651828983149217,中性,,,-71648.06777216913,-87047.8227411167,-71648.06777216913,132514.6870444808,1
0.21065237329808997,0.7150071481508851,0.018846562032656035,0.7970831388668952,乐观,0.11085048583211754,26.0,163927.97048642155,63761.92884219867,-234622.1634918999,265029.3740889616,2
0.38239370773608067,0.6813609221548774,0.02709783697269957,0.8819187753139608,中性,,,-207109.70115337253,-222509.45612232012,-207109.70115337253,132514.6870444808,1
0.14972035885698892,0.732537966911581,0.005140987120562925,0.9928819498549231,中性,,,50582.172899667625,165720.44446671847,-535624.9335893878,265029.3740889616,2
0.16093144956957017,0.7805045172541228,0.006013175852406561,0.6694603821166675,中性,,,-90023.01228896255,-105422.76725791012,-90023.01228896255,132514.6870444808,1
0.20570469187344803,0.838897957502632,0.021468567261133425,0.8405742703917549,乐观,0.06338721028917038,27.0,151340.6788402559,47166.85859555214,-265130.5242809338,265029.3740889616,2
0.02730524222076025,0.8158128311435084,0.022889767832225388,0.7100654198720044,悲观,,,-401168.63857418095,-416568.3935431285,-401168.63857418095,132514.6870444808,1
0.08554099018239968,0.6975538072236787,0.018094554772589862,0.6542505245463314,中性,,,29468.0763084152,14068.321339467624,29468.0763084152,132514.6870444808,1
0.04203130357950782,0.6564535136744615,0.012982256061146776,0.6767438894932164,乐观,0.8610212698377109,21.0,278066.0827130723,882867.9119576939,-1224986.294974029,530058.7481779231,4
0.12119852024688696,0.7032953806461233,0.009919245587480363,0.7495411619213961,中性,,,74153.72948993475,58753.974520987176,74153.72948993475,132514.6870444808,1
0.31277811001851297,0.7374982994583364,0.020649274501069733,0.792823959311755,乐观,,,40104.788139394754,24705.03317044718,40104.788139394754,132514.6870444808,1
0.2276167108633741,0.719574001250984,0.022589681429456398,0.9280257952091984,中性,,,54848.93983953829,39449.18487059072,54848.93983953829,132514.6870444808,1
0.3948788955529276,0.8609832510059152,0.009923866741637286,0.9147023488624949,中性,,,-254695.7648843156,-270095.51985326316,-254695.7648843156,132514.6870444808,1
0.21392451912313387,0.7733452607790965,0.026335278569560725,0.8443491155613794,中性,,,-11401.321860147189,-26801.076829094764,-11401.321860147189,132514.6870444808,1
0.019543962703219633,0.7575926887420538,0.02770103905113769,0.8846946917378475,悲观,,,-302225.94756133336,-317625.7025302809,-302225.94756133336,132514.6870444808,1
0.35359691286041695,0.848400133130493,0.0186671052892382,0.6089621860729125,中性,,,-372533.6832292236,-387933.43819817115,-372533.6832292236,132514.6870444808,1
0.021835619970570444,0.7268909503129953,0.02072274047256847,0.9651652335528698,中性,0.11569319235634867,26.0,179335.2140711569,712647.616671271,-324114.66587013495,265029.3740889616,2
0.34400951315338135,0.8704066424961239,0.005526097011432858,0.6957711351010126,中性,,,-318186.9361832498,-333586.69115219737,-318186.9361832498,132514.6870444808,1
0.3027372172318194,0.744180044052093,0.021418865319321374,0.8448634469448141,中性,,,-135364.51500751436,-150764.26997646195,-135364.51500751436,132514.6870444808,1
0.2874633710980487,0.6706089915176867,0.008956254523501524,0.6530908589037264,乐观,,,-36938.913190673855,-52338.66815962143,-36938.913190673855,132514.6870444808,1
0.3654170593411957,0.8413789447032728,0.007917964016898982,0.8297085879678343,悲观,,,-547134.3781878962,-562534.1331568438,-547134.3781878962,132514.6870444808,1
0.147353575023521,0.7141019063929791,0.025723274537186647,0.6577805598077092,中性,,,-60442.39442035657,-75842.14938930415,-60442.39442035657,132514.6870444808,1
0.3935578655104668,0.814893099980872,0.0069808372251739925,0.9631398007850099,中性,,,-213749.10891656074,-229148.86388550833,-213749.10891656074,132514.6870444808,1
0.1825243918420814,0.8083261948498685,0.026976108261815922,0.7908508911660997,中性,,,-22124.847420506463,-37524.60238945404,-22124.847420506463,132514.6870444808,1
0.18097895968718142,0.6674219423176797,0.02467675317318396,0.6505646974567355,中性,,,-99159.41738922242,-114559.17235816999,-99159.41738922242,132514.6870444808,1
0.15472913824309167,0.7172097901008171,0.01506267814736046,0.8472036441529714,中性,,,109439.41193669353,94039.65696774596,109439.41193669353,132514.6870444808,1
0.06900477507931058,0.858648202521744,0.029270816246428386,0.7834335295505283,中性,,,122797.52408116477,107397.7691122172,122797.52408116477,132514.6870444808,1
0.01899283111129173,0.6588443697464128,0.014822049891135052,0.9720968073203863,中性,0.14351515979164664,28.0,188622.59753724898,731917.6478464177,-280554.20483096177,265029.3740889616,2
0.13970776754831002,0.8823311420436947,0.015718947581393267,0.7107170975898582,中性,,,-63022.58980751718,-78422.34477646476,-63022.58980751718,132514.6870444808,1
0.08461729079353311,0.862553304848191,0.014029332760442256,0.8631875857977285,中性,,,175443.25214044558,160043.497171498,175443.25214044558,132514.6870444808,1
0.360692567185585,0.8041713804117513,0.017206297257032484,0.6528571876725354,乐观,,,-177015.96932431156,-192415.72429325915,-177015.96932431156,132514.6870444808,1
0.21872674730870836,0.7184127135107402,0.026948172295417603,0.621776170957763,中性,,,-188497.0497017919,-203896.80467073948,-188497.0497017919,132514.6870444808,1
0.21473136048085906,0.7315554406503904,0.016918356384471443,0.7057265009323935,悲观,,,-494901.9280756913,-510301.68304463883,-494901.9280756913,132514.6870444808,1
0.014741655446740687,0.687835175578914,0.028823662850620293,0.8301612533346954,中性,,,119457.25189314768,603544.3598312101,-434140.1972764366,265029.3740889616,2
0.15372953572228343,0.8200208350360125,0.008531486897652332,0.7104519470610654,中性,,,-56878.29940804029,-72278.05437698787,-56878.29940804029,132514.6870444808,1
0.1916257458340912,0.8348222093501814,0.02742774609891633,0.9293490365482624,悲观,,,-424631.24974093447,-440031.004709882,-424631.24974093447,132514.6870444808,1
0.036588094210791414,0.6906657441308116,0.024588267290005763,0.9655324357970843,乐观,2.4604127948945695,13.0,980920.5847862175,2152702.489170877,-219804.17653838883,530058.7481779231,4
0.11928631574817823,0.851681930723254,0.018405888375552414,0.929116739339283,中性,,,95638.41491794647,221130.15757692177,-569309.3530328046,265029.3740889616,1
0.05835728791164727,0.6690126922575435,0.028930478730233487,0.7703210225726316,中性,,,82992.81744565371,376028.60540554445,-550927.9804810063,265029.3740889616,2
0.14252123390732416,0.7409442587541133,0.028624920697358454,0.6250818349612703,悲观,,,-488235.86869348557,-503635.6236624331,-488235.86869348557,132514.6870444808,1
0.3158606061927397,0.7818582779216333,0.008213418949023799,0.6137840547113346,悲观,,,-570575.8907488696,-585975.6457178172,-570575.8907488696,132514.6870444808,1
0.10432429508410844,0.653411127097914,0.010402263458429834,0.8953275747809599,乐观,1.596221984808309,15.0,503870.8344181407,1041647.4102790322,-735473.6885754681,530058.7481779231,4
0.3592943319078872,0.7435793678344504,0.012985343147588941,0.9999443392831551,乐观,,,-7971.451898678308,-228288.49375670525,-370140.023410063,265029.3740889616,2
0.21494083236302175,0.7111451438454552,0.013032636322127616,0.8061457395317548,中性,,,-22276.291301116646,-37676.046270064224,-22276.291301116646,132514.6870444808,1
0.005471457709471128,0.8802560204651539,0.019390156183789087,0.8356632977636533,悲观,,,-343915.2681456349,-359315.02311458247,-343915.2681456349,132514.6870444808,1
0.3059948715204992,0.8269434848220423,0.007378949335119102,0.837997748903968,中性,,,-171258.7410010411,-186658.4959699887,-171258.7410010411,132514.6870444808,1
0.334227269829551,0.6994618829402506,0.026940869920160145,0.7845924286830382,悲观,,,-528336.2167175363,-543735.971686484,-528336.2167175363,132514.6870444808,1
0.042248488604350376,0.6974730688815607,0.012068767649632712,0.7985623217839198,中性,,,89222.34688076482,454507.289132178,-513047.83892431995,265029.3740889616,2
0.07469036080777292,0.8882364306798888,0.009038048294257816,0.839751187088859,乐观,0.9772791080813528,19.0,291669.0833079494,761936.453827013,-1091195.591492546,530058.7481779231,4
0.33300296915073085,0.8054934083991584,0.022887324919772464,0.6536822506821457,悲观,,,-569451.50183586,-584851.2568048076,-569451.50183586,132514.6870444808,1
0.17365951374414912,0.6714845423211927,0.013943814047820607,0.689497117427895,乐观,,,74933.54784426183,-70077.2891617869,-495049.84853560396,265029.3740889616,2
0.352022399603223,0.846546283647442,0.02284860746034969,0.6616287716416108,悲观,,,-578497.8758100227,-593897.6307789703,-578497.8758100227,132514.6870444808,1
0.261555143141877,0.8041419529220238,0.014235607118862025,0.7890746665742389,中性,,,-136620.7470668646,-152020.50203581218,-136620.7470668646,132514.6870444808,1
0.09597125309860255,0.7253999868578206,0.015459738866587538,0.841271611964636,乐观,1.2230666233464063,17.0,364335.82510733313,820528.6479490884,-929696.9758593332,530058.7481779231,4
0.215393843807616,0.8254793382903683,0.02517502755988883,0.6454032485234215,中性,,,-196089.30903788705,-211489.06400683464,-196089.30903788705,132514.6870444808,1
0.1928442881017698,0.7873834261394941,0.005960423394226115,0.9624862946189541,乐观,0.9514768563715128,17.0,205075.71978968964,150122.44513734797,-1137629.817812477,530058.7481779231,4
0.0013927694738447016,0.7010699820899626,0.009504854342723749,0.9125218069119405,中性,0.10445842053857968,27.0,174715.17479555676,748944.4863872733,-328734.70514573506,265029.3740889616,2
0.0709334653186927,0.8453530292765266,0.013836871795143712,0.7843427505172409,中性,,,127472.87207715475,112073.11710820718,127472.87207715475,132514.6870444808,1
0.20855208257649183,0.7652341925188941,0.011864600066561065,0.7698224149975361,乐观,,,68803.84873844172,-102403.0300542845,-451528.4889995503,265029.3740889616,2
0.20115765459169804,0.8699327385013702,0.018753176195449115,0.9075269173056635,中性,,,18545.423394410936,3145.668425463362,18545.423394410936,132514.6870444808,1
0.31616539601776317,0.7134371871163966,0.0054887492910743255,0.6642915772710772,悲观,,,-551976.3360189728,-567376.0909879204,-551976.3360189728,132514.6870444808,1
0.37882505675657147,0.8899944849002466,0.024055756590488014,0.643251265500635,乐观,,,-233809.40672678233,-249209.1616957299,-233809.40672678233,132514.6870444808,1
0.29751047330644176,0.7297386836965011,0.0175569477952233,0.8647037365047876,悲观,,,-491766.3792771062,-507166.13424605376,-491766.3792771062,132514.6870444808,1
0.20061636483995807,0.8257749039811965,0.009705634297408321,0.7775162293917333,中性,,,-66740.04020726943,-82139.795176217,-66740.04020726943,132514.6870444808,1
0.2942261487836929,0.8814688905903458,0.026206888700107286,0.8486073680919801,中性,,,-167520.59263558523,-182920.3476045328,-167520.59263558523,132514.6870444808,1
0.24127467722906829,0.7808428742383458,0.006484072006473089,0.879318557835282,中性,,,-28989.309032426456,-44389.064001374034,-28989.309032426456,132514.6870444808,1
0.20499214490681097,0.8588930252966103,0.021810920068916963,0.7450658631428068,悲观,,,-494339.3521089004,-509739.10707784793,-494339.3521089004,132514.6870444808,1
0.023664658599072033,0.7344315827940288,0.01655263312996707,0.66674844780337,悲观,,,-404661.2317128731,-420060.98668182065,-404661.2317128731,132514.6870444808,1
0.09208454351173452,0.8373232014983054,0.024282196023794285,0.7531755941655115,悲观,,,-426024.5329759394,-441424.28794488695,-426024.5329759394,132514.6870444808,1
0.04436335402538769,0.6709110348913216,0.014781981272484302,0.6182169733284477,中性,,,56520.90660123303,41121.15163228546,56520.90660123303,132514.6870444808,1
0.38461329701645497,0.7718011077464093,0.025566116420879723,0.6517063783581596,中性,,,-361421.9984078515,-376821.75337679905,-361421.9984078515,132514.6870444808,1
0.37861857781760355,0.7420524552641656,0.021210153211208057,0.9904507116650357,中性,,,-155157.35674307632,-170557.1117120239,-155157.35674307632,132514.6870444808,1
0.12213837969149438,0.777667629428495,0.006365929983271483,0.6449479496370765,悲观,,,-475290.8470506325,-490690.6020195801,-475290.8470506325,132514.6870444808,1
0.35368401662600174,0.8111073029359029,0.012458244128318703,0.6884645676829219,中性,,,-317641.2538807576,-333041.00884970516,-317641.2538807576,132514.6870444808,1
0.367812825914113,0.7217933818525066,0.013038977734669544,0.9416962900775092,乐观,,,86115.80923546535,70716.05426651778,86115.80923546535,132514.6870444808,1
0.3656146267319114,0.7203570099216068,0.008007814189908723,0.7759990287994168,中性,,,-257490.16948124045,-272889.924450188,-257490.16948124045,132514.6870444808,1
0.35354666672473434,0.6587923860328508,0.020847011740906807,0.9624725462992456,乐观,,,14093.671720485436,-199657.7736611264,-348074.89979089925,265029.3740889616,2
0.26005223971921726,0.8779815096853711,0.006891486565626682,0.7437113383984959,悲观,,,-523957.55748980126,-539357.3124587488,-523957.55748980126,132514.6870444808,1
0.39247350887632737,0.8666543549040078,0.005701313906205034,0.6072530601839063,中性,,,-411475.14287233405,-426874.8978412816,-411475.14287233405,132514.6870444808,1
0.10341518671636073,0.8532637465382005,0.009012110081796558,0.9162597850803429,中性,,,89451.67304461631,264589.73336572846,-560059.791411562,265029.3740889616,2
0.15095670856199514,0.684972742816011,0.029942282648991774,0.8471944483686147,中性,,,128554.39080623083,113154.63583728326,128554.39080623083,132514.6870444808,1
0.14845102262109267,0.8673747753514053,0.025529795204769026,0.9244743153472895,中性,,,121020.59517916528,105620.8402102177,121020.59517916528,132514.6870444808,1
0.35518263307832076,0.7218268093092969,0.02259265337908223,0.761779096956757,中性,,,-253734.61546447314,-269134.3704334207,-253734.61546447314,132514.6870444808,1
0.39926120024507716,0.8862859473620764,0.017815475411686203,0.8295453808659299,乐观,,,-119336.7338699417,-134736.4888388893,-119336.7338699417,132514.6870444808,1
0.394254285005542,0.8368658726302591,0.006629611448965768,0.7290558937375455,乐观,,,-168944.90028986902,-184344.6552588166,-168944.90028986902,132514.6870444808,1
0.30734100234019224,0.8281359370458625,0.021698080761703525,0.7661055398529534,中性,,,-220701.40164641658,-236101.15661536416,-220701.40164641658,132514.6870444808,1
0.3235729950363204,0.720507270023617,0.022120796817524335,0.8904834093695826,乐观,,,120418.77734021976,105019.02237127219,120418.77734021976,132514.6870444808,1
0.1279542362828063,0.8280534240411686,0.0076622474394671715,0.6552246915807619,中性,,,-77158.59341605607,-92558.34838500364,-77158.59341605607,132514.6870444808,1
0.022090310542098913,0.8774475971516812,0.02754739526273401,0.6195734782103373,乐观,0.06789776263055236,34.0,148001.17241323876,283374.3463746242,-421982.22396662703,265029.3740889616,2
0.20354966963601015,0.818471093209652,0.027173279232454682,0.8307897948310794,悲观,,,-460625.3184551906,-476025.0734241381,-460625.3184551906,132514.6870444808,1
0.001031444194634501,0.7692611677403471,0.028730803303109002,0.8290487486452783,中性,,,101921.62386773035,600596.3773428039,-451675.82530185394,265029.3740889616,2
0.012368806832365343,0.8695950601467681,0.013178916521451055,0.8819109605260385,中性,,,103514.14044976316,571288.5473645233,-466469.25593010266,265029.3740889616,2
0.10155326454749916,0.6653066015505741,0.01462500946679609,0.72685240553488,中性,,,95366.185836194,79966.43086724642,95366.185836194,132514.6870444808,1
0.32791299826393566,0.703386900174002,0.018205776744411057,0.6162433389552646,悲观,,,-568153.4627882473,-583553.2177571949,-568153.4627882473,132514.6870444808,1
0.30470464212883325,0.8404155969173774,0.02441011158629508,0.656955169995308,中性,,,-292820.29623566655,-308220.0512046141,-292820.29623566655,132514.6870444808,1
0.16908336577735317,0.8879567112308218,0.0213517467264584,0.9740808365582916,悲观,,,-405773.46643642546,-421173.221405373,-405773.46643642546,132514.6870444808,1
0.18034930924009163,0.8351858240254084,0.014196443200760064,0.8530033984614587,中性,,,22841.91056345392,7442.155594506345,22841.91056345392,132514.6870444808,1
0.39677176368719697,0.6917294096157179,0.028383717383253192,0.7606283815213187,中性,,,-297248.2504493726,-312648.0054183201,-297248.2504493726,132514.6870444808,1
0.2114407534759916,0.7136879718640592,0.029091436065269823,0.9645948820939158,乐观,0.9791856367719369,16.0,199282.29284316697,81965.4922393295,-1124399.6687435315,530058.7481779231,4
0.39876782888380924,0.8107520228434333,0.016292137395143617,0.9402935605985219,悲观,,,-536862.8032145001,-552262.5581834477,-536862.8032145001,132514.6870444808,1
0.3337616178854014,0.7693486458106416,0.021830500677085442,0.749618424537003,中性,,,-247169.4670942548,-262569.22206320235,-247169.4670942548,132514.6870444808,1
0.012686861124355088,0.7517094633029632,0.01520885488548325,0.6899164407472285,悲观,,,-389713.7387348239,-405113.49370377144,-389713.7387348239,132514.6870444808,1
0.2336558321770047,0.7262651462094808,0.025756297725432243,0.6445540427428266,中性,,,-189660.6242898031,-205060.37925875068,-189660.6242898031,132514.6870444808,1
0.06401789085564094,0.7767777504609581,0.018813647173757966,0.8569190746102917,中性,,,76847.61656013227,380585.8008418166,-525422.5692449525,265029.3740889616,2
0.2037898740517018,0.6934286278595104,0.01657538374340824,0.7492121556377163,中性,,,-48722.958731422426,-64122.713700370005,-48722.958731422426,132514.6870444808,1
0.17392868939859443,0.8370419962352529,0.0156498024643423,0.6943084691895834,中性,,,-105632.60241264553,-121032.3573815931,-105632.60241264553,132514.6870444808,1
0.01811409003665463,0.7795805145442184,0.025772022097508045,0.907644682727028,中性,0.0030463003202971795,29.0,133932.10308089567,629417.2502333273,-403115.5394063044,265029.3740889616,2
0.07844814205780488,0.8572362663913886,0.00641952585112671,0.7596890900809976,乐观,0.6616909076159041,22.0,188661.99331402467,529232.9653435169,-1412997.0542900597,530058.7481779231,4
0.15727067496167857,0.6782901129816704,0.011648737508644903,0.8400117766971793,悲观,,,-407140.984203485,-422540.7391724326,-407140.984203485,132514.6870444808,1
0.2619741307369423,0.755158863487819,0.013359737520513046,0.6963701922092655,乐观,,,15677.043581934384,277.2886129868093,15677.043581934384,132514.6870444808,1
0.15866957898536063,0.8272350237454946,0.016008879815934608,0.6367468747547117,中性,,,-134269.52924646277,-149669.28421541036,-134269.52924646277,132514.6870444808,1
0.2030751118943056,0.7598821264384105,0.025406042793706812,0.9643405396172118,乐观,0.94021309356522,16.0,192684.4911885506,94674.44419055468,-1150021.046413616,530058.7481779231,4
0.2331127608843839,0.7799479905331738,0.021115400753091474,0.7151321185757498,乐观,,,69386.04243223497,53986.2874632874,69386.04243223497,132514.6870444808,1
0.3427392710414644,0.7141321191636394,0.027570455203501938,0.939493089596667,中性,,,-122826.54527275573,-138226.3002417033,-122826.54527275573,132514.6870444808,1
0.36360008083709827,0.678905358514762,0.005699663980222509,0.7391467302376218,中性,,,-268115.73342793493,-283515.4883968825,-268115.73342793493,132514.6870444808,1
0.14057704581314648,0.8760962560811263,0.011367755726378626,0.7124853574370715,中性,,,-59893.63571691652,-75293.3906858641,-59893.63571691652,132514.6870444808,1
0.001545552936683281,0.8246136925651039,0.01443673707732893,0.9910991470573184,中性,0.14228133364821538,26.0,191512.88345864412,780765.89695486,-311936.9964826477,265029.3740889616,2
0.020885982032937234,0.6722306740980737,0.007204202673103964,0.9810489039567775,中性,0.14180652819535378,28.0,187825.4446229403,726605.7616469192,-281351.3577452705,265029.3740889616,2
0.1710424029155743,0.6981158455712074,0.02684099366089508,0.6806223710685362,中性,,,-66046.1556996885,-81445.91066863608,-66046.1556996885,132514.6870444808,1
0.30532974461813844,0.720717461325298,0.017622868429266057,0.6891957129273576,中性,,,-241024.02792761032,-256423.7828965579,-241024.02792761032,132514.6870444808,1
0.38605375931200353,0.8163531283170633,0.026165355154762877,0.8162398285866964,悲观,,,-556534.2325745178,-571933.9875434655,-556534.2325745178,132514.6870444808,1
0.28515194266687743,0.770136310589736,0.009421221702676466,0.7649719558472841,中性,,,-175348.89976135,-190748.6547302976,-175348.89976135,132514.6870444808,1
0.2941327426728953,0.7083729910136844,0.026899933483733277,0.7518204428298711,中性,,,-179119.46463038857,-194519.21959933615,-179119.46463038857,132514.6870444808,1
0.07804802218148993,0.8430011202567137,0.013854114374151561,0.7933596111551738,悲观,,,-402411.6712534617,-417811.42622240924,-402411.6712534617,132514.6870444808,1
0.2744364284675726,0.8374480178125814,0.01348563122383354,0.9780317541485608,悲观,,,-462951.5798568417,-478351.33482578926,-462951.5798568417,132514.6870444808,1
0.053177241309616145,0.7913088875745178,0.02253517155120949,0.7002731958036236,中性,,,90838.48561946864,75438.73065052107,90838.48561946864,132514.6870444808,1
0.1273544988171251,0.7829814189491817,0.021483191944106313,0.989123221427623,中性,,,65926.84320272083,237767.2040869958,-520280.2632863346,265029.3740889616,2
0.25928641610855224,0.7887294195007837,0.012938872347189323,0.7012256526790881,乐观,,,11268.542766739316,-4131.2122022082585,11268.542766739316,132514.6870444808,1
0.08274094468060614,0.8396660640978169,0.008664684775519025,0.9217405077445003,悲观,,,-353090.1944528715,-368489.94942181907,-353090.1944528715,132514.6870444808,1
0.3868626576064668,0.8146370375778842,0.007252956091895722,0.8772708477836043,中性,,,-250675.67428378045,-266075.429252728,-250675.67428378045,132514.6870444808,1
0.1350184986775834,0.7125766394616115,0.022969019543703804,0.8965445491799463,中性,,,82866.86634122946,181253.3661890432,-566644.598114949,265029.3740889616,2
0.35049084433580147,0.7145185325332379,0.0067466106493702755,0.8399471379310315,悲观,,,-524391.377041635,-539791.1320105826,-524391.377041635,132514.6870444808,1
0.1106656257065941,0.7717247343316251,0.01215899055893244,0.6859985369680177,中性,,,-732.1549833319295,-16131.909952279504,-732.1549833319295,132514.6870444808,1
0.21879973656091822,0.8515426995800673,0.01953098986638694,0.7933788847095113,中性,,,-90399.50848889069,-105799.26345783826,-90399.50848889069,132514.6870444808,1
0.31682635003651893,0.6972490420554481,0.011055710274329007,0.936635438701228,中性,,,-78681.64883788288,-94081.40380683045,-78681.64883788288,132514.6870444808,1
0.24514939559180823,0.6593409273887777,0.008181440457118161,0.7999829840750439,中性,,,-56983.25734545416,-72383.01231440174,-56983.25734545416,132514.6870444808,1
0.18564034567672932,0.6541503258595479,0.009606749966670543,0.8355066798480872,中性,,,70283.84695970506,54884.091990757486,70283.84695970506,132514.6870444808,1
0.013371325084761755,0.6603996208305201,0.011532752886409073,0.633400678154626,中性,,,125070.33398196241,109670.57901301484,125070.33398196241,132514.6870444808,1
0.049480792782672194,0.8055726403763415,0.024430632982689673,0.9882066655008427,乐观,2.1530062948170827,14.0,818836.126678823,1812356.8266637537,-401294.5845391627,530058.7481779231,4
0.10934606009411128,0.6570583046295615,0.0132353054027942,0.8833920474850613,悲观,,,-352503.424093397,-367903.17906234454,-352503.424093397,132514.6870444808,1
0.1438850630685715,0.7215282914112577,0.010483640895474418,0.8824523018921261,中性,,,159626.6172818579,144226.86231291032,159626.6172818579,132514.6870444808,1
0.21419763761373734,0.8685859135235834,0.007578471318256811,0.6598756897912523,中性,,,-197257.76514983608,-212657.52011878366,-197257.76514983608,132514.6870444808,1
0.26235282074516025,0.7901790301388989,0.006851067186698299,0.9833699214985869,中性,,,10674.112743510617,-4725.642225436957,10674.112743510617,132514.6870444808,1
0.14358904551323756,0.7996711517704217,0.028629137936493364,0.8650752956413088,乐观,0.8728019188032461,18.0,216353.64980276505,329855.9425956261,-1180149.078009393,530058.7481779231,4
0.0750364475281916,0.7985143829535044,0.02572197229690712,0.8036097873019389,中性,,,164225.3971578442,148825.64218889663,164225.3971578442,132514.6870444808,1
0.3939034120127509,0.6838369616951986,0.015273238188216416,0.9493495010242641,乐观,,,60580.89832454366,45181.14335559608,60580.89832454366,132514.6870444808,1
0.39215284062390965,0.8623634221434515,0.0062739256346853135,0.9719065998509953,中性,,,-222112.2836566533,-237512.0386256009,-222112.2836566533,132514.6870444808,1
0.2606476749826328,0.7446262086001086,0.025341701915338716,0.8303677105291064,乐观,,,40578.42427255678,-166275.37211012686,-428598.37809565396,265029.3740889616,2
0.0775085886083069,0.6943959427411766,0.016009420039619672,0.6019006179849922,中性,,,-16914.250546017967,-32314.00551496554,-16914.250546017967,132514.6870444808,1
0.1184214911232044,0.783751843091468,0.006750089011521172,0.6682577437530776,中性,,,-34291.63856081114,-49691.393529758716,-34291.63856081114,132514.6870444808,1
0.12226505084441724,0.7015332662205521,0.010721162520194198,0.6859277458901982,中性,,,7999.593796264169,-7400.161172683405,7999.593796264169,132514.6870444808,1
0.06707648578778284,0.7370495262031738,0.022197171639836307,0.8054684229390603,中性,,,77616.40926107476,344095.92822114204,-556304.3886655853,265029.3740889616,2
0.10036279178549941,0.8738515695596494,0.015346981207908391,0.7147855746449339,乐观,0.11662862548227948,31.0,167734.5735223543,177325.58383908868,-335715.3064189375,265029.3740889616,2
0.26211584610575484,0.7973470071532281,0.0271683663041542,0.6234161145085537,乐观,,,-76912.82000725062,-92312.57497619819,-76912.82000725062,132514.6870444808,1
0.27114574572204037,0.7363982707472311,0.01140878356309639,0.641922359952623,乐观,,,-47763.62854161423,-63163.383510561805,-47763.62854161423,132514.6870444808,1
0.056764841331814475,0.7122652485754123,0.022277679489236746,0.8840609751543971,悲观,,,-322164.91228784213,-337564.6672567897,-322164.91228784213,132514.6870444808,1
0.32565246430625105,0.772468944602327,0.026211416952877722,0.6349141559390178,悲观,,,-568247.3981906278,-583647.1531595754,-568247.3981906278,132514.6870444808,1
0.2547961525977399,0.686005711306356,0.0181237261433325,0.6056435037138035,乐观,,,-47496.28727777738,-62896.04224672496,-47496.28727777738,132514.6870444808,1
0.35981206807140065,0.8513318628714291,0.028958820328760456,0.9612383018635159,中性,,,-179253.1314183844,-194652.886387332,-179253.1314183844,132514.6870444808,1
0.15933928337745865,0.8650840803131703,0.028173469883930675,0.9891343793272148,乐观,1.0894444985605283,16.0,255282.93751049496,405496.3614635092,-1038749.8634561714,530058.7481779231,4
0.08079553197655215,0.8767889926665734,0.02867853667040549,0.8664525455651886,乐观,1.0778684327989274,18.0,319319.0812373423,797271.017848019,-1011116.8967889176,530058.7481779231,4
0.22447056846558092,0.8765904668988135,0.007348409914802279,0.9455854785939083,悲观,,,-448086.8927925111,-463486.64776145865,-448086.8927925111,132514.6870444808,1
0.13564282088720822,0.6824781542276629,0.016978377311572805,0.692898463196988,乐观,0.18777047556859738,28.0,191451.16129156674,166283.84587465212,-260331.62792624597,265029.3740889616,2
0.22372853346136382,0.865455376712894,0.011951461726278773,0.6103910239786243,乐观,,,-67545.3107860061,-82945.06575495367,-67545.3107860061,132514.6870444808,1
0.2809510639887888,0.7809179949618065,0.025383568243230317,0.936033749059253,中性,,,-49919.85217664265,-65319.60714559023,-49919.85217664265,132514.6870444808,1
0.3863711167415748,0.8227308674281586,0.021921884404065718,0.7445687170234582,悲观,,,-571926.48624246,-587326.2412114076,-571926.48624246,132514.6870444808,1
0.09637706955767121,0.8333409216355112,0.022746781360929353,0.7324088579320377,中性,,,41541.380053425295,26141.62508447772,41541.380053425295,132514.6870444808,1
0.07811499178925488,0.7132706526245706,0.028685202347562413,0.7652722291742378,悲观,,,-390527.1094821183,-405926.86445106583,-390527.1094821183,132514.6870444808,1
0.19484329873559658,0.742883811148968,0.02323822593372764,0.9848464425963525,中性,,,150704.84212953813,135305.08716059054,150704.84212953813,132514.6870444808,1
0.23645887477476601,0.737560126093636,0.019115773299382383,0.7277315465548553,悲观,,,-499656.19212996383,-515055.9470989114,-499656.19212996383,132514.6870444808,1
0.34643846915139404,0.7530665805252093,0.017302212126349917,0.6334003661703712,乐观,,,-160452.51182422848,-175852.26679317607,-160452.51182422848,132514.6870444808,1
0.06813482815103615,0.7485490781082358,0.026006638676597034,0.7831131760854078,乐观,1.0597647831977204,18.0,321628.741215284,848605.7780360683,-1008807.2368109759,530058.7481779231,4
0.08372572136827588,0.8216558791891451,0.029449963089043185,0.8198454548881243,中性,,,155005.12835239447,139605.3733834469,155005.12835239447,132514.6870444808,1
0.15729066384040338,0.8303209615341125,0.027721851413093225,0.8812222268202117,乐观,0.7883787947588001,19.0,185304.48618167083,193019.6777222011,-1280024.0945438861,530058.7481779231,4
0.23546106079692386,0.7885129857082311,0.012615684702728884,0.8838509964655143,乐观,0.20486628765627124,22.0,186632.14279176405,82983.31803584371,-175536.42871962063,265029.3740889616,2
0.2585264904515725,0.70592941294366,0.018602727868042162,0.9023749667805661,乐观,0.2932423636227113,20.0,205151.8021738752,95470.39770068492,-138552.6738785432,265029.3740889616,2
0.06263841980822159,0.6805993018319746,0.01532358825582265,0.6502444677850443,乐观,0.52736265132089,24.0,231569.92455569294,465305.3371816282,-771108.3850545525,397544.06113344233,3
0.16972174691302366,0.7780665245762972,0.010677194532319282,0.7796504494147717,乐观,0.22672974700735593,25.0,201263.60977163925,145860.98732533422,-215207.5933495504,265029.3740889616,2
0.1954748605467878,0.6521177421930767,0.011063188256265764,0.9913819321914017,乐观,1.3082031341569476,15.0,293034.921581157,371374.49252870673,-927095.7896368287,530058.7481779231,4
0.08419723590868228,0.7976633810825249,0.006922708262635361,0.8309766569778516,悲观,,,-382084.39929590205,-397484.1542648496,-382084.39929590205,132514.6870444808,1
0.3274646094570632,0.8754979970245387,0.009324670201237065,0.7850848674379296,悲观,,,-543876.6733739328,-559276.4283428804,-543876.6733739328,132514.6870444808,1
0.13565600282919,0.6656234611425264,0.011613663200435677,0.9960894668357206,悲观,,,-328643.2127062906,-344042.96767523815,-328643.2127062906,132514.6870444808,1
0.34358733184746826,0.6685886186609852,0.018224923277934003,0.7808479169709382,乐观,,,4943.732044024262,-10456.022924923313,4943.732044024262,132514.6870444808,1
0.07961994491403585,0.6931236836911124,0.023717852214195808,0.8902877892401415,中性,,,81985.69272438949,381673.4154818263,-487997.70365547633,265029.3740889616,2
0.010450846468952292,0.7123903248139781,0.025997379446357483,0.840343248582709,中性,,29.0,127995.43991665934,630125.8273228602,-425602.009252925,265029.3740889616,2
0.11836664216192468,0.7124415412536675,0.028663872200456367,0.8911021115412849,悲观,,,-365687.6465432917,-381087.40151223924,-365687.6465432917,132514.6870444808,1
0.3750827768575056,0.7897688364363332,0.013334059173927201,0.7588557785598393,中性,,,-295306.34423044097,-310706.0991993885,-295306.34423044097,132514.6870444808,1
0.15050906067443345,0.7888987517884657,0.02276248741621012,0.6781499989223858,乐观,,,152110.0782874188,136710.3233184712,152110.0782874188,132514.6870444808,1
0.14246910857416392,0.7506499416984594,0.022462859196695516,0.8435140357551056,中性,,,112752.57311817977,97352.8181492322,112752.57311817977,132514.6870444808,1
0.25989681612031656,0.8666787938172907,0.025007090416135466,0.9297036039819094,中性,,,-55505.493448107554,-70905.24841705513,-55505.493448107554,132514.6870444808,1
0.16776133971905505,0.7829165939969742,0.006104770479037073,0.9079168721509299,中性,,,114609.22592098435,99209.47095203678,114609.22592098435,132514.6870444808,1
0.11303843121640572,0.7122300822454751,0.01208448163550161,0.7352059328631328,中性,,,68874.14831627834,53474.39334733077,68874.14831627834,132514.6870444808,1
0.23342612876002528,0.7113708208644501,0.010160606914330187,0.9305432760285427,悲观,,,-431351.8012805516,-446751.55624949915,-431351.8012805516,132514.6870444808,1
0.205129136480371,0.7749346098054263,0.01935342017029054,0.9542600463628543,中性,,,92954.9256442106,77555.17067526303,92954.9256442106,132514.6870444808,1
0.38945350649920935,0.8591247400036947,0.010368506487180289,0.6964733240901204,中性,,,-360892.92369863513,-376292.6786675827,-360892.92369863513,132514.6870444808,1
0.15660576603205253,0.7827188288738469,0.010812815822408471,0.6889380724455063,中性,,,-66791.228477469,-82190.98344641658,-66791.228477469,132514.6870444808,1
0.2688092452851008,0.8151501471430852,0.02940291850100724,0.6809661735687256,中性,,,-228928.28764737374,-244328.04261632133,-228928.28764737374,132514.6870444808,1
0.3858709991756242,0.8156020982397325,0.019806963120550476,0.8158584205605388,悲观,,,-556457.5087221749,-571857.2636911225,-556457.5087221749,132514.6870444808,1
0.3573495235263642,0.8001212516996259,0.01929168519820085,0.815800137328737,中性,,,-244020.9486632662,-259420.7036322138,-244020.9486632662,132514.6870444808,1
0.10186587654435711,0.8312772764802763,0.01773918794404155,0.6135758129156881,中性,,,-85883.55622406444,-101283.311193012,-85883.55622406444,132514.6870444808,1
0.371441455289133,0.7397346947698071,0.015330825198139341,0.8495844492220143,乐观,,,-4093.1707739717895,-19492.925742919364,-4093.1707739717895,132514.6870444808,1
0.26738444708188486,0.8540131354695072,0.007849264676017457,0.9698370213274595,乐观,0.10114313669309505,21.0,159508.2355762893,26598.819171463925,-202660.33593509538,265029.3740889616,2
0.20765943463423514,0.7999381370689282,0.010320326255035043,0.7791789751925555,悲观,,,-476512.0959162769,-491911.85088522447,-476512.0959162769,132514.6870444808,1
0.008790671576407805,0.8854167363504926,0.011478662892755127,0.8372433235591341,中性,,,92569.0732214308,540118.9610195705,-509701.112583654,265029.3740889616,2
0.14824864808417396,0.7454627740597459,0.013376168283118942,0.8549599037359743,乐观,0.9028110000094849,18.0,222775.27211200452,331885.30928298895,-1156333.4425497558,530058.7481779231,4
0.1714538600024932,0.8835984137730236,0.02169493093361958,0.8428544780084036,悲观,,,-449192.5446670751,-464592.29963602265,-449192.5446670751,132514.6870444808,1
0.025168282359752325,0.854464344870039,0.019349526598606722,0.7657655449699527,乐观,1.0115818042101674,19.0,343590.6764966502,1076065.851688831,-1057738.0937628113,530058.7481779231,4
0.12423215303092752,0.838068141431477,0.013199095885144924,0.9683524745616654,中性,,,66217.48541771034,210932.05228461116,-551956.7393141361,265029.3740889616,2
0.05502164702982846,0.8175432100038589,0.00907118132661927,0.9797452201155943,中性,,,116507.86665820547,516127.51319875085,-420539.77582899464,265029.3740889616,2
0.09234426451381039,0.7001165442285029,0.028096875978010537,0.8431431651399564,乐观,1.3006404990371658,16.0,397941.9917034481,899033.4789087332,-878347.1764484972,530058.7481779231,4
0.044090081938330083,0.8720941269390023,0.018001232799852208,0.8673687665325402,中性,,,92205.67764070023,443525.5243715963,-525968.5470911462,265029.3740889616,2
0.02365612880233048,0.8799133859220389,0.029864958227712048,0.7458187395041772,乐观,0.8773372396490033,21.0,296523.72371744097,1004459.8995795099,-1206528.6539696604,530058.7481779231,4
0.0670905163846257,0.6871242679180581,0.006827796000229287,0.7565077630336603,悲观,,,-382782.22881746106,-398181.9837864086,-382782.22881746106,132514.6870444808,1
0.1578628758451587,0.6832137028759204,0.02326319488932393,0.9333450597345632,中性,,,67088.5533131075,122963.39899155096,-566832.2446135526,265029.3740889616,2
0.08019766097446235,0.8340435662979093,0.011237504925831874,0.903795438787411,中性,,,65596.13698485921,322403.0278289679,-536674.0488202255,265029.3740889616,2
0.1466850065164839,0.6700381707238539,0.025687737745175642,0.9758611683192902,中性,,,47062.66644789741,182179.40437577607,-522920.7299319684,265029.3740889616,2
0.38581662667737554,0.8741867405703179,0.00986521002009384,0.8924849394392853,中性,,,-258776.31877397356,-274176.0737429211,-258776.31877397356,132514.6870444808,1
0.19500694422625042,0.687671703475723,0.029369485701441312,0.8904549532305635,中性,,,91629.0494832134,76229.29451426583,91629.0494832134,132514.6870444808,1
0.1485886760672134,0.7513959024389083,0.023688343103596004,0.9702789067078338,中性,,,66916.53801394351,160950.05743321165,-551257.686717903,265029.3740889616,2
0.18900003531216783,0.7923698174803283,0.01483359981000789,0.8016725293462741,悲观,,,-457647.2922411183,-473047.0472100659,-457647.2922411183,132514.6870444808,1
0.06706975508806644,0.7462643017328348,0.02787347529426381,0.7397432182978534,悲观,,,-400112.13891585014,-415511.8938847977,-400112.13891585014,132514.6870444808,1
0.29714488833971037,0.8777912398583863,0.016478090426588685,0.6034419822268732,中性,,,-330071.4679766131,-345471.22294556064,-330071.4679766131,132514.6870444808,1
0.16602432064645797,0.8116749287878917,0.011942912895730087,0.6009632575267849,中性,,,-171054.9440531184,-186454.699022066,-171054.9440531184,132514.6870444808,1
0.2819169370451766,0.7443471879222054,0.010479353491330648,0.7856027456536406,乐观,,,80401.52320405663,65001.76823510906,80401.52320405663,132514.6870444808,1
0.04777323471692241,0.8160204880751956,0.021683600595098683,0.7482951518740285,乐观,0.8946944298859487,20.0,282588.3517324989,855657.6808308386,-1169237.2062092333,530058.7481779231,4
0.35788211979214063,0.7258787553924968,0.005777277334846077,0.7233219226980306,悲观,,,-556229.1687140564,-571628.923683004,-556229.1687140564,132514.6870444808,1
0.21890076561903712,0.8704986610837171,0.026758437750938037,0.7223316622659307,中性,,,-154254.21067442602,-169653.9656433736,-154254.21067442602,132514.6870444808,1
0.014616879631826585,0.7805992418357959,0.006584199501268221,0.9754424664916399,乐观,2.439461919388141,13.0,1006033.6403541637,2318309.3837618358,-214097.070863822,530058.7481779231,4
0.0856750505750012,0.8178484831668908,0.019200509560833325,0.9205430850064732,中性,,,81338.06781591805,340504.6453282054,-520932.1179891667,265029.3740889616,2
0.07670878826631121,0.8035624160294796,0.007007008174898625,0.8338351964673688,悲观,,,-376979.44025345275,-392379.1952224003,-376979.44025345275,132514.6870444808,1
0.2739745748494241,0.8487303588147461,0.007738118232051811,0.7601074208594369,中性,,,-189282.7232169907,-204682.4781859383,-189282.7232169907,132514.6870444808,1
0.0654812246075434,0.7859656808085712,0.02179597454689308,0.7419174428957529,乐观,0.8309060591790793,20.0,250356.6031468397,705254.6100846459,-1217532.034110922,530058.7481779231,4
0.20426327401868552,0.8004787615857224,0.008521819917619466,0.6092640698130676,悲观,,,-529045.1617288046,-544444.9166977522,-529045.1617288046,132514.6870444808,1
0.36156805927928637,0.8618341722195803,0.025189785979046062,0.6798448364939443,中性,,,-342986.1832724962,-358385.9382414438,-342986.1832724962,132514.6870444808,1
0.3184468402193494,0.8119206035013857,0.00788802984189844,0.9582164799249695,悲观,,,-490186.80010790733,-505586.5550768549,-490186.80010790733,132514.6870444808,1
0.06871827736533419,0.86624207100097,0.0171154234773629,0.7491567303825868,中性,,,84152.15647790517,68752.4015089576,84152.15647790517,132514.6870444808,1
0.39255893313284457,0.6787113092578503,0.02392372121980163,0.733730344897651,悲观,,,-564786.287785554,-580186.0427545016,-564786.287785554,132514.6870444808,1
0.16877334214117545,0.781700690654065,0.010149040943203673,0.762107783638641,中性,,,-16577.726419770603,-31977.481388718177,-16577.726419770603,132514.6870444808,1
0.2305792078880889,0.8235585425731642,0.02591011332343503,0.7636561327077495,中性,,,-119969.55817611812,-135369.3131450657,-119969.55817611812,132514.6870444808,1
0.19867685378206126,0.7859248108115129,0.007708066855947292,0.7250541416779096,悲观,,,-487227.5604516862,-502627.31542063376,-487227.5604516862,132514.6870444808,1
0.15434110493765263,0.8836049774177688,0.01956827391702449,0.7717526079682185,中性,,,-29400.33487028318,-44800.08983923076,-29400.33487028318,132514.6870444808,1
0.2676306221708717,0.7543888311896962,0.016192745106322178,0.8805604517526835,悲观,,,-473516.8557153741,-488916.61068432167,-473516.8557153741,132514.6870444808,1
0.21603222731533767,0.7813586749322483,0.023918806528209522,0.9930579009346632,乐观,0.9237690413512281,16.0,184837.22107012352,20760.583078429947,-1173772.3554588046,530058.7481779231,4
0.20151544506018723,0.6906687631057229,0.019706524290829263,0.9337195546850744,乐观,0.9473333285330454,16.0,187479.11453882715,109161.13553799978,-1139163.34374731,530058.7481779231,4
0.33012415179764026,0.6953524655270152,0.022814396608733283,0.9520619789943373,中性,,,-89032.07645580888,-104431.83142475646,-89032.07645580888,132514.6870444808,1
0.27430081637128606,0.7700389487002589,0.020924405553137626,0.7177522876892084,悲观,,,-524633.647425566,-540033.4023945136,-524633.647425566,132514.6870444808,1
0.3310859618981602,0.8763546337739638,0.026420558384423604,0.7335654215123212,悲观,,,-557273.7491767966,-572673.5041457443,-557273.7491767966,132514.6870444808,1
0.11205535505256262,0.852280490194376,0.0213953626908304,0.9866776976411749,中性,,,76445.51160463688,272895.2101294248,-525824.6742004479,265029.3740889616,2
0.22058884811665697,0.8396091731931747,0.010849798568295307,0.9856359898638662,中性,,,61650.217319234696,46250.462350287125,61650.217319234696,132514.6870444808,1
0.0031590253278612757,0.656036786150723,0.027055400410039877,0.858112611104431,乐观,2.1488653930704307,14.0,891559.5066880978,2157706.226084734,-328571.2045298879,530058.7481779231,4
0.3136064003827632,0.7509103463001864,0.024965281153557544,0.9750129779250152,悲观,,,-474904.1299928754,-490303.88496182294,-474904.1299928754,132514.6870444808,1
0.3056545598168083,0.7238700818277356,0.013037325076346345,0.7651019404145545,乐观,,,30079.843647954895,14680.08867900732,30079.843647954895,132514.6870444808,1
0.008822426924019666,0.7541422896344634,0.022001191239231763,0.6441661833130088,乐观,0.682158597837492,23.0,219093.42630088015,953993.0925000705,-1384896.0239165542,530058.7481779231,4
0.3767610391589412,0.6718243570584749,0.008823703445771953,0.9896388899784812,悲观,,,-499546.5432818931,-514946.2982508406,-499546.5432818931,132514.6870444808,1
0.031575870281281795,0.8785262087350161,0.027315567745236722,0.8622901890932524,中性,,,83837.48974980519,468460.65161496954,-518432.6960552796,265029.3740889616,2
0.36769307852110816,0.8073248180267415,0.021459916482876748,0.9374742256807812,中性,,,-189447.8751522314,-204847.63012117898,-189447.8751522314,132514.6870444808,1
0.20147075481507104,0.7435331594956275,0.01757834731978102,0.8089914596348777,中性,,,-10606.453307379226,-26006.2082763268,-10606.453307379226,132514.6870444808,1
0.17924736359213844,0.8424492638872452,0.015412834216897195,0.6102239066541717,中性,,,-188579.91020198417,-203979.66517093175,-188579.91020198417,132514.6870444808,1
0.09269674563667928,0.8404596828396724,0.01623232646179522,0.7121242172140533,乐观,0.2742685366924733,27.0,139237.5416326662,220321.16950466437,-977493.0155358976,397544.06113344233,2
0.007686721822644804,0.6918202022554922,0.025673870484894997,0.820260691064161,乐观,1.7951278475531032,15.0,715555.5247940266,1818531.0055357548,-523788.9981995822,530058.7481779231,4
0.33527040590483104,0.8760712372612496,0.0065856149825834496,0.9196938973193888,中性,,,-177586.46363113387,-192986.21860008145,-177586.46363113387,132514.6870444808,1
0.08281024027062367,0.8736085439216296,0.0151050470076598,0.9550442109819217,中性,,,67033.21742333937,334099.77933292586,-519173.88906571607,265029.3740889616,2
0.21069917861638265,0.6882857441350351,0.02785819060718282,0.8226647629448984,悲观,,,-448724.4968508731,-464124.25181982067,-448724.4968508731,132514.6870444808,1
0.007313816428113285,0.8366318252043314,0.009048408834459742,0.8394953742512581,中性,,,106446.3614179989,581297.7387577934,-479760.74507105653,265029.3740889616,2
0.11174623717939874,0.786635314018739,0.011006468649726868,0.9785261709471802,乐观,1.6503302105354738,14.0,516069.935244996,1035473.4911374112,-723274.5877486129,530058.7481779231,4
0.11521711659898766,0.7769154778280816,0.017515821428847642,0.9840093031800297,中性,,,66198.43412826426,278619.0745699912,-503784.96225160157,265029.3740889616,2
0.22489102184862675,0.8728895827729849,0.009070276279413952,0.8201942413113352,悲观,,,-484283.9618513018,-499683.71682024933,-484283.9618513018,132514.6870444808,1
0.24699957272740025,0.7377639688128812,0.029190901829490017,0.7661636724594105,悲观,,,-493421.8665167663,-508821.62148571387,-493421.8665167663,132514.6870444808,1
0.3335999843713617,0.8470080059414994,0.02237149048856961,0.8995247207536912,中性,,,-177131.69264142375,-192531.44761037134,-177131.69264142375,132514.6870444808,1
0.25682140016911253,0.6591247690892945,0.009922253597250864,0.9729117790212347,中性,,,61640.921798076015,46241.166829128444,61640.921798076015,132514.6870444808,1
0.09226901639570313,0.6767319414846291,0.02872298612171254,0.6448750664240531,中性,,,16431.952809201728,1032.1978402541536,16431.952809201728,132514.6870444808,1
0.07305359719978287,0.6517913168988243,0.0128533693524511,0.989671548639505,中性,0.006886153901612957,29.0,136147.9054555088,527979.2226846018,-367301.974485783,265029.3740889616,2
0.2017219517871095,0.8290245881412275,0.0187770025519804,0.8974366029649226,中性,,,28230.03055709324,12830.275588145665,28230.03055709324,132514.6870444808,1
0.24342520919960592,0.8059157377308188,0.024979109051956275,0.8840765579204417,乐观,0.033511795541910194,25.0,145092.881348979,19380.990036647112,-235356.97279504556,265029.3740889616,2
0.05823905531341254,0.8126416958505297,0.02342554780813833,0.7199865729987338,乐观,0.6814068967388827,22.0,197755.00315309784,654136.9749721104,-1388313.3779214683,530058.7481779231,4
0.12188464132108018,0.7085197086503594,0.02667742038701278,0.6988079352465707,中性,,,19369.16302951193,3969.408060564354,19369.16302951193,132514.6870444808,1
0.14716913201472756,0.8655348374139854,0.016380893457199106,0.8777235733184863,乐观,0.7733658909212138,19.0,192212.43105451012,230188.7802991919,-1288862.7228658602,530058.7481779231,4
0.2511614322988705,0.8764866795979795,0.0250626882314002,0.7600826510699452,乐观,,,43232.7232295101,27832.968260562524,43232.7232295101,132514.6870444808,1
0.20982993330853367,0.655418557506775,0.011500331991322419,0.8486918348149066,悲观,,,-435059.4304731637,-450459.1854421113,-435059.4304731637,132514.6870444808,1
0.23362721795728147,0.7367835253538072,0.01835963700145685,0.6007499391493011,乐观,,,-41302.61653908884,-56702.37150803642,-41302.61653908884,132514.6870444808,1
0.14477019511021136,0.6836380242267087,0.015947896425127,0.7944709173955337,中性,,,88472.37192203413,73072.61695308656,88472.37192203413,132514.6870444808,1
0.2098249761409119,0.660445659696095,0.02678780805194412,0.7826035727147845,悲观,,,-458152.8822795762,-473552.63724852377,-458152.8822795762,132514.6870444808,1
0.30913129461167405,0.8084370605079364,0.021235944319230544,0.7707656006942244,中性,,,-213918.11782840773,-229317.87279735532,-213918.11782840773,132514.6870444808,1
0.21453545455493714,0.6621426590957848,0.01247394410544802,0.9951576694249494,中性,,,156074.6955117014,140674.94054275381,156074.6955117014,132514.6870444808,1
0.16757366616692884,0.7033671447057087,0.023630234047505836,0.7041161238824766,悲观,,,-467214.88006827835,-482614.6350372259,-467214.88006827835,132514.6870444808,1
0.06180596009371491,0.8250231869995358,0.021070256357217935,0.6279224397484923,悲观,,,-458276.1019794766,-473675.85694842413,-458276.1019794766,132514.6870444808,1
0.25353874694143086,0.7870678644493182,0.022149976509295337,0.6712155633453047,中性,,,-209783.5791176349,-225183.33408658247,-209783.5791176349,132514.6870444808,1
0.37443858693221993,0.7942520754885058,0.009903250491069597,0.8718175421136426,中性,,,-231942.53452353808,-247342.28949248567,-231942.53452353808,132514.6870444808,1
0.01971509855428857,0.7225612868845996,0.0276396275487533,0.7644557280703901,乐观,1.3426026671980602,17.0,490779.2511985082,1365224.5838890309,-822088.7735458497,530058.7481779231,4
0.20346373740911666,0.774074717350304,0.005130408026622358,0.8548416293155888,悲观,,,-445956.2410013354,-461355.99597028294,-445956.2410013354,132514.6870444808,1
0.19149936587282174,0.7124760453579437,0.014809574145732873,0.8148309422667204,悲观,,,-443009.8176820293,-458409.5726509768,-443009.8176820293,132514.6870444808,1
0.11383343330864913,0.8875068642300477,0.006434978145513991,0.7277573952629474,中性,,,-13308.066442496449,-28707.821411444023,-13308.066442496449,132514.6870444808,1
0.15175436837310505,0.8143474204261629,0.011193594967074115,0.7841077376544211,中性,,,15693.841544837196,294.0865758896216,15693.841544837196,132514.6870444808,1
0.12892882333143546,0.8777054193207812,0.029491815873567032,0.6478694270750044,中性,,,-105002.36869638169,-120402.12366532926,-105002.36869638169,132514.6870444808,1
0.08318882792259014,0.6948295029337077,0.017274495958456988,0.8255308432539515,中性,,,68470.00149048567,305228.9957796221,-549704.2232413609,265029.3740889616,2
0.10902194923894429,0.7168691778208736,0.029803203908518268,0.9694709495961003,悲观,,,-327611.4878493673,-343011.2428183149,-327611.4878493673,132514.6870444808,1
0.26262026079845024,0.7596506257963627,0.022220352429979048,0.8387842822162214,乐观,,,37750.95694755969,-171625.46841846092,-431425.8454206511,265029.3740889616,2
0.026795325715530005,0.7339034988938493,0.029637353144389617,0.6729141395962467,悲观,,,-403528.1536335549,-418927.90860250243,-403528.1536335549,132514.6870444808,1
0.29158880240023016,0.8365844384041913,0.021806838691866504,0.9104783315039702,中性,,,-105536.30332718004,-120936.05829612761,-105536.30332718004,132514.6870444808,1
0.05430827291567071,0.7959732553948418,0.024421917063988312,0.9462066425297871,悲观,,,-310821.15929363406,-326220.9142625816,-310821.15929363406,132514.6870444808,1
0.050972304375415424,0.8374617064598191,0.011413708625891633,0.6127717913283549,乐观,,,93794.05573257082,157486.51421915492,-524380.1689992757,265029.3740889616,2
0.20239645352434402,0.7283919517828212,0.005285727630788729,0.614130977883179,乐观,,,20841.14622060758,5441.391251660007,20841.14622060758,132514.6870444808,1
0.19588235398594578,0.6859332918311505,0.013962640681225453,0.6661220590150091,悲观,,,-493451.57475231163,-508851.3297212592,-493451.57475231163,132514.6870444808,1
0.11052312826965745,0.7818820513909754,0.010250165195305673,0.7374684325139068,中性,,,47606.63762581973,32206.882656872152,47606.63762581973,132514.6870444808,1
0.16801189567326077,0.6808706717891095,0.005971640888397204,0.6141834907795756,中性,,,-120970.52472478716,-136370.27969373474,-120970.52472478716,132514.6870444808,1
0.2875208314149291,0.681501271695025,0.02467450290911064,0.8862697237255347,悲观,,,-474372.773350581,-489772.52831952856,-474372.773350581,132514.6870444808,1
0.010699149192738046,0.6968079717291324,0.006403022776264626,0.8125372421081224,悲观,,,-317660.28780495276,-333060.0427739003,-317660.28780495276,132514.6870444808,1
0.3210583351981591,0.7683108965469946,0.023198859166811938,0.9002810203743364,中性,,,-132388.50860519725,-147788.26357414483,-132388.50860519725,132514.6870444808,1
0.37014515050138647,0.887657785725274,0.013980367150363646,0.6503456560996934,中性,,,-373661.0408620478,-389060.79583099537,-373661.0408620478,132514.6870444808,1
0.08934155880570804,0.77744136009482,0.014459690031310035,0.7921797657147164,乐观,0.9341279602094537,19.0,270774.1948249853,653777.9438302697,-1128314.1900846998,530058.7481779231,4
0.10960838981674087,0.7789939339135341,0.013379031233217209,0.9139843456482646,中性,,,72457.31815140799,254046.50807421168,-545716.9065804385,265029.3740889616,2
0.0034018922042442948,0.8084123218652524,0.009254050201664558,0.8897895160812157,中性,,,125431.54936362604,645899.6158244248,-411616.09312357404,265029.3740889616,2
0.1605930710892699,0.816575943009742,0.026414832146719504,0.9114974855448292,中性,,,114439.65532216549,99039.90035321792,114439.65532216549,132514.6870444808,1
0.2890777281038119,0.7493394930542608,0.024725653039078217,0.9316207566491272,悲观,,,-471335.7097904357,-486735.46475938323,-471335.7097904357,132514.6870444808,1
0.09521254383757852,0.714797296963798,0.009152042974552289,0.7570140027589682,悲观,,,-405381.2043588884,-420780.95932783594,-405381.2043588884,132514.6870444808,1
0.2382157243706438,0.6743877062954279,0.01174797882566891,0.8662082583785427,中性,,,3047.094996139742,-12352.659972807833,3047.094996139742,132514.6870444808,1
0.1685850967413631,0.8415020607100134,0.02961278883227466,0.8260271133016852,悲观,,,-445552.8498077435,-460952.60477669106,-445552.8498077435,132514.6870444808,1
0.04116118968945437,0.8824401732870599,0.021980872818711788,0.9009876473335278,中性,,,83855.99704809657,457860.0359295886,-502351.1094409589,265029.3740889616,2
0.07184704067806132,0.7576069185979429,0.024952010940484142,0.9465451851768293,悲观,,,-315964.6174644764,-331364.37243342394,-315964.6174644764,132514.6870444808,1
0.23838471633352826,0.6877044566572288,0.02895692182804379,0.7008817155969951,中性,,,-138203.3199936298,-153603.07496257738,-138203.3199936298,132514.6870444808,1
0.09244517769074174,0.79785294629085,0.02148160767556641,0.7313712413819011,乐观,0.5671903055116192,23.0,240955.90359464867,384589.1942913146,-727577.6267635389,397544.06113344233,3
0.35414835929898025,0.8552167832609588,0.013269955486617933,0.8977361036050615,中性,,,-208943.57180455432,-224343.3267735019,-208943.57180455432,132514.6870444808,1
0.23705132979680466,0.7645820204620308,0.02000652869922179,0.6542616632143,中性,,,-196613.54971666398,-212013.30468561157,-196613.54971666398,132514.6870444808,1
0.07106870479517839,0.7172253274331422,0.008195363398053344,0.684998242088808,乐观,0.635001750434641,22.0,192168.1031487119,551254.8240917716,-1424927.2479499453,530058.7481779231,3
0.2199345848710681,0.6556743484429364,0.024713112095052888,0.9637873583717962,乐观,0.9812730983246407,16.0,181179.92158072552,56285.81459315527,-1108695.3278752225,530058.7481779231,4
0.32920675314932873,0.8881319462722248,0.01966004888844832,0.9850350514059619,乐观,,,112603.1196367504,97203.36466780283,112603.1196367504,132514.6870444808,1
0.12529549220137573,0.857224101453409,0.02481181663896943,0.9103195109604343,乐观,1.0408040747046394,17.0,276886.4441633922,541807.9482944014,-1069935.481073149,530058.7481779231,4
0.1536760039681231,0.7460131918129717,0.02100130773009091,0.8951218151257367,乐观,1.012433002406997,17.0,241047.9829642004,384019.5770476586,-1069370.7652127473,530058.7481779231,4
0.3503381282637128,0.8231215098527024,0.028922319445538067,0.6714514475784968,乐观,,,-154785.18425728436,-170184.93922623195,-154785.18425728436,132514.6870444808,1
0.02567659281344863,0.7833492514860604,0.0072549239252030565,0.8272003900792546,中性,,,88829.97145584387,502773.5323870385,-497377.13503321155,265029.3740889616,2
0.032643772600954746,0.8055480332058053,0.023279949990571046,0.6696741654479925,中性,,,80730.24555947061,65330.49059052304,80730.24555947061,132514.6870444808,1
0.07161901965909316,0.6829751478356664,0.008684081663118643,0.839631387581734,乐观,1.4864350164634965,16.0,498581.590373702,1158448.0371904005,-777707.5777782433,530058.7481779231,4
0.23875748058952545,0.8442443487243788,0.01978693352675923,0.9189284989393947,乐观,0.1971449038245261,22.0,184229.20060853875,77562.28634662517,-177939.37090284593,265029.3740889616,2
0.15638392318728986,0.6859861224624547,0.008384920292623941,0.8389910386626392,中性,,,111106.14796088965,95706.39299194208,111106.14796088965,132514.6870444808,1
0.0736941514168123,0.8617051910402417,0.02891870921135471,0.7012862572413207,悲观,,,-440640.35434033663,-456040.1093092842,-440640.35434033663,132514.6870444808,1
0.0855687409230189,0.7429811671259263,0.026330679382473656,0.8383842439764472,悲观,,,-369477.92909283726,-384877.6840617848,-369477.92909283726,132514.6870444808,1
0.18919163406882689,0.6716796039267422,0.015155352850211003,0.7614080569213268,中性,,,-9064.58653061757,-24464.341499565144,-9064.58653061757,132514.6870444808,1
0.2197815867852404,0.8599411477613806,0.0054068795666368085,0.9095995288378597,悲观,,,-452861.0183192095,-468260.77328815707,-452861.0183192095,132514.6870444808,1
0.1217159313905464,0.8611191531630953,0.022260354291928044,0.6687986713464573,中性,,,-68998.53462505425,-84398.28959400182,-68998.53462505425,132514.6870444808,1
0.2887616723911943,0.874962397121487,0.020858029980455092,0.6098701645731709,中性,,,-316897.2509336633,-332297.00590261084,-316897.2509336633,132514.6870444808,1
0.06118465566833109,0.6614670921139811,0.019962765867039607,0.9107687610041698,悲观,,,-303439.3773601114,-318839.13232905895,-303439.3773601114,132514.6870444808,1
0.3134357083862078,0.8195330911547621,0.023799672204209033,0.6978913490862801,中性,,,-270025.60658362077,-285425.3615525683,-270025.60658362077,132514.6870444808,1
0.04790033088288759,0.707333828056272,0.012569741786935752,0.7277746558147145,悲观,,,-386615.69636956585,-402015.4513385134,-386615.69636956585,132514.6870444808,1
0.07548471922845734,0.8663528959501184,0.024597340370390144,0.7377910813965749,乐观,0.527185647316911,24.0,227426.28528207235,421704.3608670968,-775252.024328173,397544.06113344233,3
0.09556908511692958,0.7476369088280121,0.025338132785864265,0.7771545480814507,悲观,,,-402625.8522394844,-418025.60720843193,-402625.8522394844,132514.6870444808,1
0.14741418704859535,0.7701730573699236,0.020516109591508434,0.7622425998326093,中性,,,20117.83716242991,4718.082193482336,20117.83716242991,132514.6870444808,1
0.10557744512057009,0.7784833516201788,0.010486405844238659,0.9470104872432303,中性,,,69906.90251304494,290366.1322500394,-516300.2039760105,265029.3740889616,2
0.16411159536567366,0.8293346832878834,0.005174898545234325,0.7377956890569586,中性,,,-50343.485545684125,-65743.2405146317,-50343.485545684125,132514.6870444808,1
0.18791940301827892,0.8296955546504814,0.029070185689042842,0.7519988521771213,中性,,,-71710.4401996205,-87110.19516856807,-71710.4401996205,132514.6870444808,1
0.24420609063215848,0.717500867405979,0.00853375834537973,0.9846163481968795,乐观,0.8425157867715038,17.0,258038.4560149791,113607.92167380618,-499964.84906400467,397544.06113344233,3
0.38339982120965116,0.70227989088414,0.005445230374241765,0.7749046302952426,乐观,,,-72656.77785167427,-88056.53282062184,-72656.77785167427,132514.6870444808,1
0.055330135548703564,0.6781245254803037,0.0067238196061460516,0.9060071995727899,乐观,1.9909487264788397,14.0,739260.9363290806,1643444.291635727,-480869.7748889051,530058.7481779231,4
0.2781504222653856,0.6627900428293607,0.023082208395380093,0.7794515233846748,悲观,,,-497550.76179500046,-512950.516763948,-497550.76179500046,132514.6870444808,1
0.11805040419384083,0.7702752415839107,0.013241286806742025,0.987899690696637,中性,,,67890.39302567516,275851.21203402476,-502093.0033541907,265029.3740889616,2
0.14886020410085746,0.8115597029523288,0.02126362642139787,0.600975712162107,中性,,,-150193.69632986834,-165593.45129881593,-150193.69632986834,132514.6870444808,1
0.09750758990761349,0.7400560739811012,0.022658722268371106,0.8229544884042783,中性,,,173328.7936791787,157929.0387102311,173328.7936791787,132514.6870444808,1
0.06696414073484962,0.7713157249394608,0.012984150587680082,0.9651711233632301,中性,,,104078.86370993305,468611.5921376584,-432968.778777267,265029.3740889616,2
0.346385597668165,0.7436434468360428,0.025685929094699012,0.6226147608688314,中性,,,-335165.8773063565,-350565.63227530406,-335165.8773063565,132514.6870444808,1
0.03127037321787975,0.6575960433715697,0.02797155613307797,0.8867474977598719,中性,,,126153.92727089519,590132.5654444608,-394178.41046709684,265029.3740889616,2
0.2129971237647332,0.7866929686920421,0.020967259534661338,0.9306319178960413,中性,,,54851.14402146102,39451.38905251345,54851.14402146102,132514.6870444808,1
0.299432305244353,0.7174347324391364,0.029419043445411804,0.6127588833748115,中性,,,-287565.72042359906,-302965.4753925466,-287565.72042359906,132514.6870444808,1
0.3528198206014816,0.6933255110446856,0.008533452323341448,0.7461723067599654,中性,,,-253934.02895501396,-269333.7839239615,-253934.02895501396,132514.6870444808,1
0.3733576242646911,0.8506686883301171,0.016602240942262852,0.9891900403526412,中性,,,-182808.48160487518,-198208.23657382277,-182808.48160487518,132514.6870444808,1
0.3494634927927565,0.7090536753168382,0.01722410185749957,0.6118868853425733,悲观,,,-577751.8893806275,-593151.6443495752,-577751.8893806275,132514.6870444808,1
0.2821812883757858,0.6783904693917442,0.01869520592777044,0.878402992884008,悲观,,,-473076.6288989572,-488476.3838679048,-473076.6288989572,132514.6870444808,1
0.17949655965827283,0.8141964648766016,0.02724327469637125,0.7196920402406626,乐观,,,144036.6969787793,128636.94200983174,144036.6969787793,132514.6870444808,1
0.33781659986387896,0.806152417299645,0.014798137681153279,0.8844441504797994,乐观,,,53348.03761728702,37948.282648339446,53348.03761728702,132514.6870444808,1
0.12131994995462292,0.8882792155776871,0.027715484243865975,0.7942005761371691,中性,,,37433.28304912301,22033.528080175438,37433.28304912301,132514.6870444808,1
0.20960355784751275,0.8326233325272863,0.025674555096949533,0.609289022062817,悲观,,,-534958.5260135165,-550358.2809824641,-534958.5260135165,132514.6870444808,1
0.1345869663506908,0.8702272718317638,0.014956839578584742,0.9550048860807697,中性,,,170261.1117439533,154861.35677500573,170261.1117439533,132514.6870444808,1
0.11554116812462936,0.8661548439349989,0.019016769222966936,0.7441937180120165,悲观,,,-448240.1473895955,-463639.90235854307,-448240.1473895955,132514.6870444808,1
0.04437325297928956,0.6834344786339673,0.014120907260265155,0.8429331822977376,中性,,,100974.32062787612,493635.26417367184,-469009.07575198973,265029.3740889616,2
0.02621105350592008,0.7135540969561601,0.015217041272490253,0.9969079714689316,中性,0.1504501704958412,26.0,192682.01895110653,727384.820854512,-293716.5786155181,265029.3740889616,2
0.035678167498977585,0.789467555473744,0.02799100181565724,0.9146782795447,乐观,1.890175091549934,15.0,721204.6722891636,1706266.1513178507,-518139.85070444527,530058.7481779231,4
0.3712927184409322,0.8027704408125291,0.029873068266337465,0.6133126279518603,乐观,,,-221793.90056034527,-237193.65552929285,-221793.90056034527,132514.6870444808,1
0.3428042678089047,0.8700080937828716,0.016954236440896227,0.91510236944824,悲观,,,-521197.0730434743,-536596.8280124218,-521197.0730434743,132514.6870444808,1
0.24125209007128576,0.7360748365672307,0.019904341266549386,0.87022420286332,中性,,,-19677.548102805267,-35077.303071752845,-19677.548102805267,132514.6870444808,1
0.0864953197211488,0.7272050981262403,0.021598931127686065,0.8707496934691241,中性,,,74744.84365605393,325952.4291102576,-527525.3421490309,265029.3740889616,2
0.050614643429082395,0.8464441736610708,0.022203695038523884,0.6122020306762557,中性,,,-26403.190271158448,-41802.945240106026,-26403.190271158448,132514.6870444808,1
0.18668450236259085,0.7365481976928355,0.007935422205210327,0.6829385138020028,悲观,,,-488890.84645080246,-504290.60141975,-488890.84645080246,132514.6870444808,1
0.03723086454102514,0.7139120282538908,0.025499256640893263,0.8106550039748801,中性,,,83520.2438172945,466029.0585813654,-502686.86267176096,265029.3740889616,2
0.2648651775834196,0.7799625344780012,0.008287848168890655,0.6890493455296758,悲观,,,-529420.4869025626,-544820.2418715102,-529420.4869025626,132514.6870444808,1
0.23998100504493688,0.7607898478854431,0.01468962656402134,0.8226556691527152,乐观,,,81179.18126553007,-79115.1405193979,-353035.65467038064,265029.3740889616,2
0.12567738242235071,0.7748469040720442,0.01700925039110289,0.8866572126983379,中性,,,171736.76557907544,156337.01061012785,171736.76557907544,132514.6870444808,1
0.2916282885652162,0.6983646991852988,0.01622732840902969,0.924469876411655,中性,,,-46708.329287248715,-62108.08425619629,-46708.329287248715,132514.6870444808,1
0.39370204691597155,0.7375488180301278,0.017441670683549203,0.7898102379210188,中性,,,-287332.171312915,-302731.92628186254,-287332.171312915,132514.6870444808,1
0.33825254732784865,0.6872660570115232,0.019191617660349575,0.8474406309421695,乐观,,,68259.80982482278,52860.054855875205,68259.80982482278,132514.6870444808,1
0.2436800639704434,0.8804048834690674,0.02680419280652322,0.7394959793410926,乐观,,,32011.461877239042,16611.706908291468,32011.461877239042,132514.6870444808,1
0.3833911256373823,0.7117273234219007,0.02025522016661021,0.7127215649368542,中性,,,-313467.08269068826,-328866.8376596358,-313467.08269068826,132514.6870444808,1
0.03745712181880876,0.8262051252485738,0.01549549571488357,0.8349228714705748,悲观,,,-354022.5455036436,-369422.30047259113,-354022.5455036436,132514.6870444808,1
0.2781765820841313,0.7690379249924584,0.020631275192196052,0.7262671889504696,悲观,,,-523983.91699126275,-539383.6719602103,-523983.91699126275,132514.6870444808,1
0.17417157679845682,0.8765549891087272,0.010694850666345132,0.8703356048141007,悲观,,,-440550.2696639907,-455950.02463293826,-440550.2696639907,132514.6870444808,1
0.28723991410677135,0.7072249248323583,0.01628792650573331,0.7471012402379096,悲观,,,-516008.9612325556,-531408.7162015032,-516008.9612325556,132514.6870444808,1
0.1382327810047103,0.7340299899903646,0.01805264097574379,0.9889406131759949,中性,,,46809.00914074387,198191.085389558,-523174.38723912195,265029.3740889616,2
0.36577046225305354,0.7607738380550133,0.0076885825218734865,0.692061158110376,中性,,,-316798.2968268868,-332198.0517958344,-316798.2968268868,132514.6870444808,1
0.1301475091880739,0.857799029007798,0.021966140054913784,0.8313233807674694,中性,,,72825.16676743387,57425.4117984863,72825.16676743387,132514.6870444808,1
0.15890824731562675,0.7969261855596828,0.008115179136109525,0.6650132752867622,中性,,,-97301.44590279809,-112701.20087174566,-97301.44590279809,132514.6870444808,1
0.06847384658442977,0.812503692565956,0.005619208035156132,0.6640709966667,乐观,0.19893513438125932,30.0,199711.14610089682,267488.6533878996,-303738.733840395,265029.3740889616,2
0.3990172592888348,0.7670217146787424,0.017384251825543956,0.9093595048949753,悲观,,,-538592.4625714516,-553992.2175403992,-538592.4625714516,132514.6870444808,1
0.17080859276039126,0.6739586916355904,0.015023159566412148,0.9935287364515499,乐观,1.5135476676801138,14.0,391924.7984291889,614025.8292630892,-828205.9127887968,530058.7481779231,4
0.3940183502740872,0.8290516701609444,0.02020275179516471,0.9016883331708974,中性,,,-250926.290938624,-266326.04590757156,-250926.290938624,132514.6870444808,1
0.18562641196076335,0.7202111201612504,0.01800445148335887,0.7033973895605722,中性,,,-72345.59336768906,-87745.34833663663,-72345.59336768906,132514.6870444808,1
0.0584541623684344,0.7856948237528099,0.011132092270302619,0.7174432415766279,中性,,,104192.26063055065,88792.50566160308,104192.26063055065,132514.6870444808,1
0.0650105012086323,0.8809711720726205,0.016173607884821903,0.7409116918507004,悲观,,,-423333.8824984367,-438733.6374673843,-423333.8824984367,132514.6870444808,1
0.3373017452448932,0.8002001396735323,0.015410128871032432,0.6982131197353902,中性,,,-291417.0249474676,-306816.77991641517,-291417.0249474676,132514.6870444808,1
0.37818983029666686,0.7413943293564849,0.00837190170948078,0.6436778989090949,悲观,,,-583399.3330858445,-598799.0880547921,-583399.3330858445,132514.6870444808,1
0.2975821763086888,0.885534892616401,0.029820443818839203,0.9136789017371703,悲观,,,-500152.12752154056,-515551.8824904881,-500152.12752154056,132514.6870444808,1
0.39108378236524866,0.7286752263204682,0.013340490237313592,0.8749347811569755,悲观,,,-538083.4325845401,-553483.1875534877,-538083.4325845401,132514.6870444808,1
0.33030789196302374,0.8893513463570586,0.024376744452247936,0.9126705964829332,中性,,,-179757.64670616505,-195157.40167511263,-179757.64670616505,132514.6870444808,1
0.026368555606262768,0.8402401842162617,0.019928952172620012,0.9637354756488338,悲观,,,-291600.28723658563,-307000.0422055332,-291600.28723658563,132514.6870444808,1
0.12204922523764333,0.7365574768936127,0.022081992713617285,0.915098065241262,乐观,1.3767184974631883,15.0,397964.7345315533,786615.4195886753,-859300.8576049239,530058.7481779231,4
0.11816286332966178,0.7684727380554194,0.00572402325203246,0.7011951512435551,中性,,,5028.310856053904,-10371.44411289367,5028.310856053904,132514.6870444808,1
0.2375224826101793,0.7630029184638017,0.014111876494424934,0.8496311866117366,乐观,,26.0,136005.0983717988,6215.888403580771,-262545.03560652264,265029.3740889616,2
0.0966724531939157,0.7322902110224989,0.022623091242175496,0.9111762395034121,乐观,1.5480681817787478,15.0,493704.3984681583,1052136.6470577216,-745640.1245254505,530058.7481779231,4
0.08373248755881146,0.7794240706986597,0.02750027746313211,0.7567801820365967,中性,,,109623.21526764835,94223.46029870078,109623.21526764835,132514.6870444808,1
0.39392917756027435,0.6771326350478013,0.0226400497365409,0.9400736508163567,悲观,,,-520660.17688236997,-536059.9318513175,-520660.17688236997,132514.6870444808,1
0.28578129440289496,0.7627371732825061,0.02632227211686608,0.9629809267343624,乐观,0.1370727765955393,20.0,165695.02992872096,29976.361042295088,-178009.44612369745,265029.3740889616,2
0.025754055031605105,0.8316452664355938,0.028038189374645733,0.8485393762683724,中性,,,85990.33322061966,496973.80710947135,-500216.7732684358,265029.3740889616,2
0.0180021549592444,0.8554479253294253,0.006160089020729038,0.7254038425538696,乐观,0.8687373591983583,21.0,295699.0763967179,1028289.4638400123,-1207353.3012903836,530058.7481779231,4
0.3798980570918049,0.8880561297142214,0.016910057140322156,0.6709718185524043,中性,,,-371884.8241887702,-387284.57915771776,-371884.8241887702,132514.6870444808,1
0.040925170033219695,0.8594086661527928,0.01901343083166262,0.7618023596667021,悲观,,,-395508.67836838256,-410908.4333373301,-395508.67836838256,132514.6870444808,1
0.1620962707266522,0.8578859860136261,0.022585148311930318,0.6329822070043866,悲观,,,-509845.0810284202,-525244.8359973677,-509845.0810284202,132514.6870444808,1
0.15692339628300186,0.6743300198446205,0.028351029799831774,0.8609168178523503,悲观,,,-398415.5668448567,-413815.3218138043,-398415.5668448567,132514.6870444808,1
0.3152229849521843,0.7384174228572663,0.01112176611383052,0.8279939767758764,悲观,,,-511870.1310024474,-527269.885971395,-511870.1310024474,132514.6870444808,1
0.18615906404170202,0.8525131983428407,0.02820143989963921,0.7370218817665759,中性,,,-91148.554135785,-106548.30910473257,-91148.554135785,132514.6870444808,1
0.09072937534753343,0.7844511370363302,0.011350693153829725,0.8285426034509812,悲观,,,-384942.83602552576,-400342.5909944733,-384942.83602552576,132514.6870444808,1
0.37649302270429735,0.8628601943377501,0.013422956236220997,0.9106651555699771,悲观,,,-537913.3212335425,-553313.0762024901,-537913.3212335425,132514.6870444808,1
0.2961443634821696,0.717790191107049,0.008391044216896557,0.8712764871614455,中性,,,-98628.78914153844,-114028.54411048601,-98628.78914153844,132514.6870444808,1
0.2120558406921776,0.774927148193101,0.0064861995526504885,0.6205520996370708,中性,,,-197383.2174791839,-212782.97244813148,-197383.2174791839,132514.6870444808,1
0.24954585694216666,0.6613218935636275,0.014460983297195442,0.8451405118241709,中性,,,-27684.873689871696,-43084.628658819274,-27684.873689871696,132514.6870444808,1
0.33131030371062065,0.7509757480632514,0.018706444528674218,0.8314241502435269,中性,,,-186550.4117550055,-201950.1667239531,-186550.4117550055,132514.6870444808,1
0.021530160976644643,0.6510142222892251,0.025903135402963122,0.6800927290089546,中性,,,173602.60620888154,158202.85123993395,173602.60620888154,132514.6870444808,1
0.23081899145756785,0.7459119384177246,0.025837332717515843,0.8793606382773516,悲观,,,-450695.51030666457,-466095.2652756121,-450695.51030666457,132514.6870444808,1
0.3106776293426739,0.771679716320423,0.01367548222707117,0.8907538626046712,中性,,,-124404.87779394694,-139804.63276289453,-124404.87779394694,132514.6870444808,1
0.12423529514757964,0.8859293291594915,0.02121771216779383,0.8423118849815574,悲观,,,-421389.1136165494,-436788.86858549697,-421389.1136165494,132514.6870444808,1
0.11172751213789499,0.7572737605583459,0.02076564260774191,0.8051054522921511,乐观,0.9031340820429434,19.0,250226.3785483071,515051.53610309976,-1164925.0856774072,530058.7481779231,4
0.10502708498716076,0.8185176788677963,0.025414926172279063,0.9060199902331814,乐观,1.2358594984789746,16.0,359041.44131844654,784649.6088064482,-917247.7268334988,530058.7481779231,4
0.3554028229048662,0.6702028501953174,0.022429789284352575,0.9874712804465844,中性,,,-99309.13615214633,-114708.8911210939,-99309.13615214633,132514.6870444808,1
0.08692652479375705,0.8897009133858111,0.009366932320536973,0.7342230789499438,悲观,,,-440306.5683530403,-455706.3233219879,-440306.5683530403,132514.6870444808,1
0.1858051475000273,0.75053024230663,0.01728102241276432,0.9711933600221718,中性,,,152170.34165089348,136770.5866819459,152170.34165089348,132514.6870444808,1
0.20585053048545765,0.8628037054204324,0.025443949850370805,0.6958888124901776,悲观,,,-510424.79077144986,-525824.5457403974,-510424.79077144986,132514.6870444808,1
0.25179983688082047,0.8527639577210049,0.018821252815260002,0.6844707680051381,中性,,,-217807.9609971481,-233207.71596609568,-217807.9609971481,132514.6870444808,1
0.26781571304450796,0.7856078089780527,0.026583404350524593,0.9136969411756131,中性,,,-46787.248459912655,-62187.00342886023,-46787.248459912655,132514.6870444808,1
0.26590346760928735,0.808928632231586,0.0181291186229141,0.7855686578575388,中性,,,-146840.8224396226,-162240.57740857019,-146840.8224396226,132514.6870444808,1
0.24419779258809246,0.7675953349521304,0.00816653384777604,0.8807715154612662,中性,,,-27492.371997761154,-42892.12696670873,-27492.371997761154,132514.6870444808,1
0.13689937038940145,0.7355175598916185,0.011168059603381306,0.9847661025460075,乐观,1.6048943532315194,14.0,468172.9351228095,858384.628602362,-751957.7760951762,530058.7481779231,4
0.22441961176488673,0.7463967551740435,0.023420631592410583,0.8110912704503989,乐观,,,120725.81505877581,-8438.42571491214,-295745.38806241384,265029.3740889616,2
0.022049045568861825,0.658228576172834,0.01921527544933433,0.6813116890755627,中性,,,171572.99340694834,156173.23843800076,171572.99340694834,132514.6870444808,1
0.31256921141887095,0.6831463426843695,0.016015205604738198,0.8754668333797421,乐观,,,-1073.132759690765,-238575.84844199504,-435287.96869560145,265029.3740889616,2
0.1985376360145429,0.6994768608574452,0.019644981389640822,0.7818068274899999,乐观,0.17913099837481372,25.0,183709.5109934448,99387.80103365805,-214840.62298487665,265029.3740889616,2
0.22223042568117923,0.7170614827929034,0.023859822993029703,0.8070988051847838,悲观,,,-464442.38800482405,-479842.1429737716,-464442.38800482405,132514.6870444808,1
0.22522892925679783,0.8775968143630095,0.022637906523443403,0.7195213445831916,中性,,,-167211.21324565695,-182610.96821460454,-167211.21324565695,132514.6870444808,1
0.11304252440087158,0.7802453210099028,0.01816489409468882,0.6989563515647215,中性,,,5644.26211453147,-9755.492854416105,5644.26211453147,132514.6870444808,1
0.3768725819144183,0.710143648739704,0.025025676090774645,0.866948232004856,中性,,,-215517.44409255797,-230917.19906150555,-215517.44409255797,132514.6870444808,1
0.05500594778606538,0.6990969806495307,0.009474440589760099,0.8347177035895009,乐观,1.5455713192327871,16.0,543511.7411313142,1306919.0275973924,-732777.4270206311,530058.7481779231,4
0.3508957051099979,0.6560604519030986,0.011843165611558662,0.6629029835748088,乐观,,,-111293.93754598722,-126693.6925149348,-111293.93754598722,132514.6870444808,1
0.09424409383912602,0.6983151644093105,0.02052188233955648,0.8224746334299146,悲观,,,-374336.8683874288,-389736.62335637637,-374336.8683874288,132514.6870444808,1
0.26814594581489687,0.6732817307107254,0.005484226650772304,0.6329659162825387,中性,,,-227229.74305814639,-242629.49802709397,-227229.74305814639,132514.6870444808,1
0.390006531149927,0.7813392797142473,0.02386815257538668,0.7285983008926238,中性,,,-326616.70504469523,-342016.4600136428,-326616.70504469523,132514.6870444808,1
0.386472479248943,0.7358626136676928,0.029976485868375626,0.8553639804126665,中性,,,-241370.6739549219,-256770.42892386948,-241370.6739549219,132514.6870444808,1
0.10086689553925998,0.804341784602538,0.017775156286559686,0.9825610581909744,乐观,1.7100248612306963,14.0,554321.0211913894,1142264.9110636942,-685023.5018022194,530058.7481779231,4
0.1586690395700309,0.877248740369176,0.02712031381875024,0.8361535401476556,悲观,,,-442701.22387060913,-458100.9788395567,-442701.22387060913,132514.6870444808,1
0.0643160962638151,0.668449818721712,0.007699827866226526,0.9907809497572311,悲观,,,-270767.8643132572,-286167.6192822048,-270767.8643132572,132514.6870444808,1
0.2763418329362652,0.8027667818438647,0.020778621621325096,0.6826815998384119,中性,,,-232977.7880203579,-248377.54298930548,-232977.7880203579,132514.6870444808,1
0.25021533983398064,0.7868972759948267,0.009654061681891965,0.8892242388298836,悲观,,,-465361.96530879743,-480761.720277745,-465361.96530879743,132514.6870444808,1
0.23648000472784877,0.7547022397763152,0.011257164828326841,0.9229555956104555,悲观,,,-442108.5865581504,-457508.341527098,-442108.5865581504,132514.6870444808,1
0.3731927039591804,0.8622956067970848,0.014014688679052072,0.7220611723434374,悲观,,,-575085.750462994,-590485.5054319416,-575085.750462994,132514.6870444808,1
0.36653112637358237,0.8006076461175853,0.005794589553585079,0.8043997658246442,悲观,,,-548782.119925627,-564181.8748945746,-548782.119925627,132514.6870444808,1
0.2295002739811367,0.772150812396995,0.00707115113756805,0.9263442372467091,中性,,,29724.35322389985,14324.598254952274,29724.35322389985,132514.6870444808,1
0.2165937456666796,0.8033693303913283,0.029057613339379163,0.7975246771519384,乐观,,,64707.9851344796,-117018.5581974923,-455624.3526035124,265029.3740889616,2
0.14194293653907955,0.8557849283959988,0.010895655673785419,0.882991904974167,悲观,,,-412050.51471873675,-427450.2696876843,-412050.51471873675,132514.6870444808,1
0.3944201426734637,0.8789447359669683,0.016055340962934442,0.8095740871961015,中性,,,-312956.074587326,-328355.82955627353,-312956.074587326,132514.6870444808,1
0.11001502387586802,0.8118731444492391,0.0224640486651129,0.8100305969301103,悲观,,,-410103.66930905776,-425503.4242780053,-410103.66930905776,132514.6870444808,1
0.36767437755664,0.6776108197629477,0.020729304217762784,0.641235438643902,悲观,,,-575438.4429498607,-590838.1979188083,-575438.4429498607,132514.6870444808,1
0.008215325611531599,0.7372073801256223,0.020989564110550946,0.8086176878931488,中性,,,101910.88712682214,577785.6584479965,-468072.5092530437,265029.3740889616,2
0.27000754434838115,0.6836416985586173,0.006433435085542889,0.850143256173868,中性,,,-63064.145676063,-78463.90064501058,-63064.145676063,132514.6870444808,1
0.2226814940566818,0.708982991917777,0.025269130424556346,0.6302744061985028,中性,,,-183498.67051800466,-198898.42548695224,-183498.67051800466,132514.6870444808,1
0.04816461435174886,0.8070674519439751,0.01544314469558741,0.8872412221750685,悲观,,,-334441.2700895934,-349841.025058541,-334441.2700895934,132514.6870444808,1
0.2220331953921472,0.6847706957312192,0.02205954079026184,0.6479822525246729,悲观,,,-512147.9644555323,-527547.7194244799,-512147.9644555323,132514.6870444808,1
0.28524911927344504,0.6652476642963878,0.010613270448287901,0.9298940788502689,乐观,0.23993644026094607,20.0,187320.91033030488,64838.48462080602,-137734.82930855762,265029.3740889616,2
0.3416503031123104,0.7282639735012914,0.01820120071875523,0.9093389410424608,悲观,,,-504602.2561797917,-520002.01114873926,-504602.2561797917,132514.6870444808,1
0.2897563516862873,0.6733967238547172,0.02783126521567169,0.8549240730046503,中性,,,-87115.32404175313,-102515.0790107007,-87115.32404175313,132514.6870444808,1
0.1938917018668657,0.6935268914827785,0.013647934311366343,0.8908494661268596,中性,,,91692.77498615753,76293.02001720996,91692.77498615753,132514.6870444808,1
0.21172248164010515,0.696859014690939,0.0222590577988421,0.7568135604245401,悲观,,,-472358.57914280967,-487758.3341117572,-472358.57914280967,132514.6870444808,1
0.37751390063853174,0.7716316992477452,0.018200916187809134,0.9925487640859224,中性,,,-161289.35758781573,-176689.1125567633,-161289.35758781573,132514.6870444808,1
0.37720827382497985,0.8167820866725152,0.020827390818619996,0.6937673207769922,悲观,,,-578343.426470355,-593743.1814393026,-578343.426470355,132514.6870444808,1
0.17511353531405552,0.6524410308789741,0.006775062769259586,0.8381307022777492,中性,,,91154.92405565263,75755.16908670506,91154.92405565263,132514.6870444808,1
0.06717933276971078,0.8258000990417057,0.028743145664868793,0.8972704322904786,乐观,1.4688887633606464,16.0,495967.3372182959,1171037.5236188504,-780321.8309336494,530058.7481779231,4
0.28028503210734873,0.7039369857091403,0.014022248553895899,0.9797067851079269,中性,,,10238.76613569924,-5160.988833248335,10238.76613569924,132514.6870444808,1
0.3156098935736289,0.8824867085227226,0.010785923012816643,0.7286746669306214,中性,,,-270994.93684196513,-286394.6918109127,-270994.93684196513,132514.6870444808,1
0.00974298951360293,0.7870925785600894,0.02521720948786247,0.8441773495296501,中性,,,114904.14752261461,600062.208262676,-455079.2488572512,265029.3740889616,2
0.28964163333442466,0.6850475899231869,0.02736933673196292,0.6403660124161822,乐观,,,-57947.03149431428,-73346.78646326186,-57947.03149431428,132514.6870444808,1
0.199123771094493,0.7528752808370724,0.017516544014385783,0.6800825212371685,中性,,,-122717.22194048055,-138116.97690942814,-122717.22194048055,132514.6870444808,1
0.3398879263594634,0.8422292581325117,0.00907621336228323,0.8693683912516247,乐观,,,20793.5452676923,5393.790298744727,20793.5452676923,132514.6870444808,1
0.32790703544752375,0.7521517863913235,0.0062023210086528955,0.9724677691894996,中性,,,-90378.29454747023,-105778.0495164178,-90378.29454747023,132514.6870444808,1
0.14439065490253752,0.8322835866749151,0.011599305387300564,0.9338991692669167,悲观,,,-390899.1270896496,-406298.88205859717,-390899.1270896496,132514.6870444808,1
0.29628448028648435,0.8817894777059676,0.029894219921854336,0.9695217440256665,乐观,,,35619.063550499384,-171171.34431064356,-380852.1395706903,265029.3740889616,2
0.11155208978309208,0.8819956070311434,0.02819741484535882,0.8137490028100747,中性,,,73641.74674882689,58241.99177987932,73641.74674882689,132514.6870444808,1
0.043706901423275296,0.7917521786780299,0.022513648713054942,0.7615986332726116,中性,,,173352.0228363882,157952.26786744062,173352.0228363882,132514.6870444808,1
0.22932455628572154,0.6566681830177189,0.028946647409668725,0.7159622828386838,悲观,,,-490679.57361406466,-506079.3285830122,-490679.57361406466,132514.6870444808,1
0.0021953584538361606,0.8556539699325711,0.026580184394991727,0.638122641807084,悲观,,,-427203.8893325197,-442603.6443014673,-427203.8893325197,132514.6870444808,1
0.17916089250310718,0.6945690015359157,0.02339552842091892,0.623215898282289,中性,,,-130735.4102479408,-146135.1652168884,-130735.4102479408,132514.6870444808,1
0.15311662604556164,0.7615871560861404,0.015618927942390042,0.6612636730138615,悲观,,,-482722.1758702766,-498121.93083922414,-482722.1758702766,132514.6870444808,1
0.02592307956417064,0.6776685380717771,0.02944737056047287,0.7119147246709008,中性,,,86511.51496942482,447507.3103760522,-562999.9494867536,265029.3740889616,2
0.050842532172848426,0.8312394090792203,0.028103570254682048,0.9159002148266604,中性,,,91745.48455700853,461871.4796879392,-478237.9118228573,265029.3740889616,2
0.3252931662442305,0.7470152559038861,0.026487433877017186,0.9194075398552728,悲观,,,-495239.1889409081,-510638.9439098557,-495239.1889409081,132514.6870444808,1
0.1951176539670068,0.7135079782590144,0.007155822909192387,0.93847841709911,悲观,,,-403102.5723202356,-418502.32728918316,-403102.5723202356,132514.6870444808,1
0.2920654008221441,0.8871661090393247,0.017050494167655892,0.7484962119765739,中性,,,-232438.2777852774,-247838.032754225,-232438.2777852774,132514.6870444808,1
0.3218791310590689,0.707660478506067,0.011267535728838405,0.8428712056347387,乐观,,,84106.54668307069,68706.79171412312,84106.54668307069,132514.6870444808,1
0.11937599030350539,0.7404211191749631,0.02983333253650724,0.6704888660826063,悲观,,,-458714.5976860836,-474114.35265503114,-458714.5976860836,132514.6870444808,1
0.23590209555224245,0.655824077221192,0.009510830781870566,0.8488836722761872,中性,,,-1341.9085668706466,-16741.66353581822,-1341.9085668706466,132514.6870444808,1
0.20417009985904788,0.742099531095052,0.019404939610546207,0.8573543012132955,乐观,0.5349611029636565,20.0,186777.0486963033,31100.1494410015,-693975.0698433155,397544.06113344233,3
0.317100331283939,0.8095521837235875,0.02735581458071164,0.9352101014381675,悲观,,,-494724.8773450716,-510124.63231401914,-494724.8773450716,132514.6870444808,1
0.3826717765293934,0.8640181525563009,0.013023179487698995,0.6080737674428157,中性,,,-402141.9986745246,-417541.75364347216,-402141.9986745246,132514.6870444808,1
0.17536703074655524,0.8298959990206717,0.01811499411271556,0.6305961741003787,悲观,,,-512925.69708527724,-528325.4520542248,-512925.69708527724,132514.6870444808,1
0.35300950245061186,0.659045526971612,0.023416741734957176,0.7167774031805729,中性,,,-265299.97282889637,-280699.7277978439,-265299.97282889637,132514.6870444808,1
0.21240217276464343,0.7100195257537283,0.02129901107494157,0.8773768872391505,悲观,,,-434626.33056040574,-450026.0855293533,-434626.33056040574,132514.6870444808,1
0.14957083034056826,0.82865055228951,0.023040938996028295,0.8178413375620956,乐观,0.5525698736186417,21.0,215800.79631466963,191014.28771459498,-718246.5069989394,397544.06113344233,3
0.043057957215937304,0.6783707042826872,0.02143723250740862,0.8773335471580515,乐观,1.9197015959276382,14.0,723913.931264656,1679407.4877505586,-515430.59172895283,530058.7481779231,4
0.07241475110930283,0.7740251982634653,0.02152078242838956,0.689479829531606,中性,,,57734.554442766246,42334.79947381867,57734.554442766246,132514.6870444808,1
0.2553780097562384,0.7014678827546433,0.014389085256253535,0.6865355240542832,乐观,,,35403.00834643638,20003.253377488803,35403.00834643638,132514.6870444808,1
0.09471955277199672,0.6790003102365912,0.005878882788178592,0.61798138896454,悲观,,,-459015.9984125311,-474415.75338147866,-459015.9984125311,132514.6870444808,1
0.24328340452278094,0.6542359698826694,0.012168598118928679,0.6232667565293197,中性,,,-200793.94662253634,-216193.70159148393,-200793.94662253634,132514.6870444808,1
0.019430695131943045,0.7958100263889987,0.02221060663797538,0.8925350198575054,悲观,,,-307339.970434608,-322739.72540355555,-307339.970434608,132514.6870444808,1
0.3474000647846973,0.8156691601594224,0.00641625548249551,0.7763066834805709,乐观,,,-58693.54525617936,-74093.30022512694,-58693.54525617936,132514.6870444808,1
0.1243575706880919,0.7415741057377436,0.02074009568241357,0.6221923520463591,乐观,,,141681.05551411826,126281.30054517068,141681.05551411826,132514.6870444808,1
0.06979240424389115,0.6564012799151026,0.005133074551010507,0.7598217499997583,乐观,1.1162921476944039,18.0,344737.83554784313,885648.2266682182,-985698.1424784168,530058.7481779231,4
0.3279048316871716,0.8688909915799268,0.018344557983222473,0.7794984935500657,中性,,,-249883.995427309,-265283.75039625657,-249883.995427309,132514.6870444808,1
0.018567230316522344,0.8682851015132369,0.017404402307118184,0.782026972420604,中性,,,87979.57658097136,469203.059619818,-561531.887875207,265029.3740889616,2
0.3176618072456802,0.7038730606358153,0.02274751697487308,0.8843078963416131,乐观,,,-16307.135254932233,-272719.3399083094,-468089.9244727449,265029.3740889616,2
0.003473439385548005,0.6908949303764317,0.016776171301118886,0.9402161549845913,乐观,2.5877710313597326,13.0,1094235.2035757003,2539739.3624181924,-125895.50764228543,530058.7481779231,4
0.23794744587176053,0.7009121541015249,0.009614617395616141,0.855777581594507,悲观,,,-456194.9780439219,-471594.73301286943,-456194.9780439219,132514.6870444808,1
0.22123496956835448,0.8503548629945366,0.014745491211552251,0.7513888758967717,悲观,,,-499336.6438653011,-514736.39883424866,-499336.6438653011,132514.6870444808,1
0.10163383136982196,0.8175659503086259,0.01400978112830491,0.6633195669159687,悲观,,,-463413.89171710185,-478813.6466860494,-463413.89171710185,132514.6870444808,1
0.03802135126028357,0.8081920239482949,0.020315536969838715,0.807408402240834,中性,,,95278.6105300464,450383.97501339525,-538642.1873966136,265029.3740889616,2
0.06125474107514864,0.770145013942421,0.006498444415009498,0.9703433834410752,悲观,,,-299858.25096591195,-315258.0059348595,-299858.25096591195,132514.6870444808,1
0.1694120779575674,0.6501370535367613,0.024653760969581114,0.666468075414252,乐观,,,167357.83849776318,151958.0835288156,167357.83849776318,132514.6870444808,1
0.017591099144225807,0.8469889602954624,0.021415945320389703,0.6998942875543562,悲观,,,-406005.9648140037,-421405.71978295123,-406005.9648140037,132514.6870444808,1
0.14307117335080896,0.8488166919620852,0.026548913708386388,0.6701141518097303,中性,,,-91017.98397151497,-106417.73894046254,-91017.98397151497,132514.6870444808,1
0.09499655356090156,0.6794342834330955,0.021161234688223198,0.7383484092942141,悲观,,,-407688.3467782884,-423088.101747236,-407688.3467782884,132514.6870444808,1
0.34639910940079055,0.829596303416856,0.024344028717408563,0.615678356473312,乐观,,,-199554.3457758556,-214954.10074480317,-199554.3457758556,132514.6870444808,1
0.2298953511896941,0.7709126731242846,0.005264633650694529,0.9590648841736419,中性,,,55316.8863957716,39917.131426824024,55316.8863957716,132514.6870444808,1
0.3300613849362142,0.8073226305771906,0.02491734033777201,0.8771726994231209,乐观,,,59434.28814711695,44034.53317816938,59434.28814711695,132514.6870444808,1
0.09019367453581989,0.6985040251358977,0.02281353904862805,0.8005579202333876,中性,,,91913.40263352453,281262.10176985,-573034.3653172265,265029.3740889616,1
0.2834169876764908,0.7813827672800007,0.024692336191654906,0.727546942374341,乐观,,,5027.2704055575305,-10372.484563390044,5027.2704055575305,132514.6870444808,1
0.0430705411702403,0.8021609544706849,0.02725331268816994,0.7010776511606819,中性,,,102200.99801243257,86801.243043485,102200.99801243257,132514.6870444808,1
0.12217671139709557,0.7854232908260081,0.015321795389128711,0.6431837139979609,乐观,,,152945.32916833693,137545.57419938935,152945.32916833693,132514.6870444808,1
0.08187065166346966,0.7781792026372472,0.019870122398431535,0.6163007374590167,悲观,,,-466360.43199009896,-481760.1869590465,-466360.43199009896,132514.6870444808,1
0.3886758841718207,0.8094829616358518,0.005839129426160673,0.9176796882611995,中性,,,-229792.64811164676,-245192.40308059435,-229792.64811164676,132514.6870444808,1
0.030079828831390244,0.81338050353147,0.017483795146711712,0.6819679204443693,乐观,0.6392432530379808,23.0,195409.49026154686,800603.480032681,-1440556.573695687,530058.7481779231,4
0.11655194332010166,0.7182935925087939,0.011819339544806969,0.9069823108356205,中性,,,60373.803010300646,233429.78458592494,-541896.3827947841,265029.3740889616,2
0.361258274188143,0.7050414127002271,0.02465911488857021,0.8292182306112383,中性,,,-215912.15389733735,-231311.90886628494,-215912.15389733735,132514.6870444808,1
0.014181652963100255,0.8465474119642664,0.011026784287833907,0.8526972144859677,中性,,,102979.39918722778,557875.389052678,-483227.7073018277,265029.3740889616,2
0.0017798154587135519,0.888642471185543,0.025358233895003218,0.7945885082546729,中性,,,96922.36508694162,543475.4968338505,-536998.4328397184,265029.3740889616,2
0.19063769463630906,0.8287007051068954,0.008358213645472352,0.7785403980936121,中性,,,-52669.317009617844,-68069.07197856542,-52669.317009617844,132514.6870444808,1
0.18386209739761394,0.7581134366864875,0.008577348744479858,0.9905954282836116,悲观,,,-384887.1876861827,-400286.94265513023,-384887.1876861827,132514.6870444808,1
0.004029177926959538,0.7396259164480778,0.020509408733670437,0.6718612907259712,中性,,,155116.09257266502,139716.33760371743,155116.09257266502,132514.6870444808,1
0.28910878718539157,0.6725745461696363,0.029610560200398334,0.7346802590957178,中性,,,-175586.95274271572,-190986.7077116633,-175586.95274271572,132514.6870444808,1
0.04428794327463029,0.8202767332931183,0.026011408676562146,0.6421140569322489,悲观,,,-442106.58213915484,-457506.3371081024,-442106.58213915484,132514.6870444808,1
0.11241896575489108,0.652864595690079,0.029651282358430744,0.8393536299810599,中性,,,90967.53853372765,247008.23721885745,-558543.9259224507,265029.3740889616,2
0.38358486786065443,0.8496870210366625,0.025356073274208735,0.7358009479606502,中性,,,-331956.9368299619,-347356.69179890945,-331956.9368299619,132514.6870444808,1
0.11669518392505873,0.7332069828263168,0.014237719033996264,0.6560014755922373,中性,,,-25901.692301633775,-41301.44727058135,-25901.692301633775,132514.6870444808,1
0.17869881409789104,0.7242433612991981,0.009133674203938694,0.7493641592713991,中性,,,-21824.604380850833,-37224.35934979841,-21824.604380850833,132514.6870444808,1
